Category;Code;DE_Original;EN_Original
Identical DE/EN;01.01.01.01.01.01.;IUPAC;IUPAC
Extreme Length Difference;01.01.01.03.01.01.02.01.05.;care and maintenance products (excludes biocidal products);Cleaning
Extreme Length Difference;01.01.01.03.01.01.02.01.05.1017.1006;rim and other metal cleaners - all vehicle types;Chromium
Extreme Length Difference;01.01.01.03.01.01.02.02.01.1002;Desinfektionsmittel;Disinfectants and algaecides not intended for direct application to humans or animals
Identical DE/EN;01.01.01.03.05.;Nanoform;Nanoform
Extreme Length Difference;01.01.01.03.06.1000;Article 59 (REACH).;This substance has been listed as SVHC (substance of very high concern) in the Candidate List according to Regulation (EC) No 1907/2006
Identical DE/EN;01.01.02.02.00.1089;Pigment;Pigment
Identical DE/EN;01.02.01.01.00.01.01.01.1000;Unst. Expl.;Unst. Expl.
Identical DE/EN;01.02.01.01.00.01.01.01.2000;Expl. 1.1;Expl. 1.1
Identical DE/EN;01.02.01.01.00.01.01.01.3000;Expl. 1.2;Expl. 1.2
Identical DE/EN;01.02.01.01.00.01.01.01.4000;Expl. 1.3;Expl. 1.3
Identical DE/EN;01.02.01.01.00.01.01.01.5000;Expl. 1.4;Expl. 1.4
Identical DE/EN;01.02.01.01.00.01.01.01.6000;Expl. 1.5;Expl. 1.5
Identical DE/EN;01.02.01.01.00.01.01.01.7000;Expl. 1.6;Expl. 1.6
Identical DE/EN;01.02.01.01.00.01.01.02.1000;Flam. Gas 1A;Flam. Gas 1A
Identical DE/EN;01.02.01.01.00.01.01.02.2000;Flam. Gas 1B;Flam. Gas 1B
Identical DE/EN;01.02.01.01.00.01.01.02.3000;Flam. Gas 2;Flam. Gas 2
Identical DE/EN;01.02.01.01.00.01.01.02.5000;Chem. Unst. Gas A;Chem. Unst. Gas A
Identical DE/EN;01.02.01.01.00.01.01.02.6000;Chem. Unst. Gas B;Chem. Unst. Gas B
Identical DE/EN;01.02.01.01.00.01.01.03.1000;Aerosol 1;Aerosol 1
Identical DE/EN;01.02.01.01.00.01.01.03.2000;Aerosol 2;Aerosol 2
Identical DE/EN;01.02.01.01.00.01.01.03.3000;Aerosol 3;Aerosol 3
Identical DE/EN;01.02.01.01.00.01.01.04.1000;Ox. Gas 1;Ox. Gas 1
Identical DE/EN;01.02.01.01.00.01.01.05.1000;Press. Gas.;Press. Gas.
Identical DE/EN;01.02.01.01.00.01.01.05.2000;Press. Gas (Comp.);Press. Gas (Comp.)
Identical DE/EN;01.02.01.01.00.01.01.05.3000;Press. Gas (Liq.);Press. Gas (Liq.)
Identical DE/EN;01.02.01.01.00.01.01.05.4000;Press. Gas (Ref. Liq.);Press. Gas (Ref. Liq.)
Identical DE/EN;01.02.01.01.00.01.01.05.5000;Press. Gas (Diss.);Press. Gas (Diss.)
Identical DE/EN;01.02.01.01.00.01.01.05.5001.1000;Compr. Gas;Compr. Gas
Identical DE/EN;01.02.01.01.00.01.01.05.5001.2000;Liquef. Gas;Liquef. Gas
Identical DE/EN;01.02.01.01.00.01.01.05.5001.3000;Refr. Liquef. Gas;Refr. Liquef. Gas
Identical DE/EN;01.02.01.01.00.01.01.05.5001.4000;Diss. Gas;Diss. Gas
Identical DE/EN;01.02.01.01.00.01.01.07.1000;Flam. Sol. 1;Flam. Sol. 1
Identical DE/EN;01.02.01.01.00.01.01.07.2000;Flam. Sol. 2;Flam. Sol. 2
Extreme Length Difference;01.02.01.01.00.01.01.08.;Type G;Self-reactive substances and mixtures
Identical DE/EN;01.02.01.01.00.01.01.08.1000;Self-react. A;Self-react. A
Identical DE/EN;01.02.01.01.00.01.01.08.2000;Self-react. B;Self-react. B
Identical DE/EN;01.02.01.01.00.01.01.08.3000;Self-react. C;Self-react. C
Identical DE/EN;01.02.01.01.00.01.01.08.4000;Self-react. D;Self-react. D
Identical DE/EN;01.02.01.01.00.01.01.08.5000;Self-react. CD;Self-react. CD
Identical DE/EN;01.02.01.01.00.01.01.08.6000;Self-react. E;Self-react. E
Identical DE/EN;01.02.01.01.00.01.01.08.7000;Self-react. EF;Self-react. EF
Identical DE/EN;01.02.01.01.00.01.01.08.8000;Self-react. F;Self-react. F
Identical DE/EN;01.02.01.01.00.01.01.08.9000;Self-react. G;Self-react. G
Identical DE/EN;01.02.01.01.00.01.01.09.1000;Pyr. Liq. 1;Pyr. Liq. 1
Identical DE/EN;01.02.01.01.00.01.01.10.1000;Pyr. Sol. 1;Pyr. Sol. 1
Identical DE/EN;01.02.01.01.00.01.01.11.1000;Self-heat. 1;Self-heat. 1
Identical DE/EN;01.02.01.01.00.01.01.11.2000;Self-heat. 2;Self-heat. 2
Identical DE/EN;01.02.01.01.00.01.01.12.1000;Water-react. 1;Water-react. 1
Identical DE/EN;01.02.01.01.00.01.01.12.2000;Water-react. 2;Water-react. 2
Identical DE/EN;01.02.01.01.00.01.01.12.3000;Water-react. 3;Water-react. 3
Identical DE/EN;01.02.01.01.00.01.01.13.1000;Ox. Liq. 1;Ox. Liq. 1
Identical DE/EN;01.02.01.01.00.01.01.13.2000;Ox. Liq. 2;Ox. Liq. 2
Identical DE/EN;01.02.01.01.00.01.01.13.3000;Ox. Liq. 3;Ox. Liq. 3
Identical DE/EN;01.02.01.01.00.01.01.14.1000;Ox. Sol. 1;Ox. Sol. 1
Identical DE/EN;01.02.01.01.00.01.01.14.2000;Ox. Sol. 2;Ox. Sol. 2
Identical DE/EN;01.02.01.01.00.01.01.14.3000;Ox. Sol. 3;Ox. Sol. 3
Identical DE/EN;01.02.01.01.00.01.01.15.1000;Org. Perox. A;Org. Perox. A
Identical DE/EN;01.02.01.01.00.01.01.15.2000;Org. Perox. B;Org. Perox. B
Identical DE/EN;01.02.01.01.00.01.01.15.3000;Org. Perox. C;Org. Perox. C
Identical DE/EN;01.02.01.01.00.01.01.15.4000;Org. Perox. D;Org. Perox. D
Identical DE/EN;01.02.01.01.00.01.01.15.5000;Org. Perox. CD;Org. Perox. CD
Identical DE/EN;01.02.01.01.00.01.01.15.6000;Org. Perox. E;Org. Perox. E
Identical DE/EN;01.02.01.01.00.01.01.15.7000;Org. Perox. EF;Org. Perox. EF
Identical DE/EN;01.02.01.01.00.01.01.15.8000;Org. Perox. F;Org. Perox. F
Identical DE/EN;01.02.01.01.00.01.01.15.9000;Org. Perox. G;Org. Perox. G
Identical DE/EN;01.02.01.01.00.01.01.16.1000;Met. Corr. 1;Met. Corr. 1
Identical DE/EN;01.02.01.01.00.01.02.01.1000;Acute Tox. 1;Acute Tox. 1
Identical DE/EN;01.02.01.01.00.01.02.01.2000;Acute Tox. 2;Acute Tox. 2
Identical DE/EN;01.02.01.01.00.01.02.01.3000;Acute Tox. 3;Acute Tox. 3
Identical DE/EN;01.02.01.01.00.01.02.01.4000;Acute Tox. 4;Acute Tox. 4
Identical DE/EN;01.02.01.01.00.01.02.04.1000;Skin Corr. 1A;Skin Corr. 1A
Identical DE/EN;01.02.01.01.00.01.02.04.2000;Skin Corr. 1B;Skin Corr. 1B
Identical DE/EN;01.02.01.01.00.01.02.04.3000;Skin Corr. 1C;Skin Corr. 1C
Identical DE/EN;01.02.01.01.00.01.02.04.4000;Skin Irrit. 2;Skin Irrit. 2
Identical DE/EN;01.02.01.01.00.01.02.04.5000;Skin Corr. 1;Skin Corr. 1
Identical DE/EN;01.02.01.01.00.01.02.05.1000;Eye Dam. 1;Eye Dam. 1
Identical DE/EN;01.02.01.01.00.01.02.05.2000;Eye Irrit. 2;Eye Irrit. 2
Identical DE/EN;01.02.01.01.00.01.02.06.1000;Resp. Sens. 1;Resp. Sens. 1
Identical DE/EN;01.02.01.01.00.01.02.06.2000;Resp. Sens. 1A;Resp. Sens. 1A
Identical DE/EN;01.02.01.01.00.01.02.06.3000;Resp. Sens. 1B;Resp. Sens. 1B
Identical DE/EN;01.02.01.01.00.01.02.06.4000;Skin Sens. 1;Skin Sens. 1
Identical DE/EN;01.02.01.01.00.01.02.06.5000;Skin Sens. 1A;Skin Sens. 1A
Identical DE/EN;01.02.01.01.00.01.02.06.6000;Skin Sens. 1B;Skin Sens. 1B
Identical DE/EN;01.02.01.01.00.01.02.07.3000;Muta. 2;Muta. 2
Identical DE/EN;01.02.01.01.00.01.02.08.3000;Carc. 2;Carc. 2
Identical DE/EN;01.02.01.01.00.01.02.09.1001;Repr. 1A;Repr. 1A
Identical DE/EN;01.02.01.01.00.01.02.09.1002;Repr. 1B;Repr. 1B
Identical DE/EN;01.02.01.01.00.01.02.09.2000;Repr. 2;Repr. 2
Identical DE/EN;01.02.01.01.00.01.02.09.3000;Lact.;Lact.
Identical DE/EN;01.02.01.01.00.01.02.10.1000;STOT SE 1;STOT SE 1
Identical DE/EN;01.02.01.01.00.01.02.10.2000;STOT SE 2;STOT SE 2
Identical DE/EN;01.02.01.01.00.01.02.10.3000;STOT SE 3;STOT SE 3
Identical DE/EN;01.02.01.01.00.01.02.11.1000;STOT RE 1;STOT RE 1
Identical DE/EN;01.02.01.01.00.01.02.11.2000;STOT RE 2;STOT RE 2
Identical DE/EN;01.02.01.01.00.01.02.12.1000;Asp. Tox. 1;Asp. Tox. 1
Identical DE/EN;01.02.01.01.00.01.03.01.1000;Aquatic Acute 1;Aquatic Acute 1
Identical DE/EN;01.02.01.01.00.01.03.01.2000;Aquatic Chronic 1;Aquatic Chronic 1
Identical DE/EN;01.02.01.01.00.01.03.01.3000;Aquatic Chronic 2;Aquatic Chronic 2
Identical DE/EN;01.02.01.01.00.01.03.01.4000;Aquatic Chronic 3;Aquatic Chronic 3
Identical DE/EN;01.02.01.01.00.01.03.01.5000;Aquatic Chronic 4;Aquatic Chronic 4
Identical DE/EN;01.02.01.01.00.01.04.01.1000;Ozone 1;Ozone 1
Identical DE/EN;01.02.01.01.00.02.02.19000.1000.00.1001;Inhalation;inhalation
Identical DE/EN;01.02.01.01.00.02.02.19000.1000.00.1002;dermal;dermal
Identical DE/EN;01.02.01.01.01.14000;TRGS 907;TRGS 907
Identical DE/EN;01.02.01.01.03.00.1001;mg/kg;mg/kg
Extreme Length Difference;01.02.02.01.03.02.03.92000;Bei Brand: Umgebung räumen.;In case of fire: Evacuate area. Fight fire remotely due to the risk of explosion. Use dry sand to extinguish.
Extreme Length Difference;01.02.02.01.03.02.03.93000;Bei Brand: Umgebung räumen.;In case of fire: Evacuate area. Fight fire remotely due to the risk of explosion. Use dry extinguishing powder to extinguish.
Extreme Length Difference;01.02.02.02.02.11000;Bei Personen;Persons already sensitised to diisocyanates may develop allergic reactions when using this product.
Extreme Length Difference;01.02.02.02.02.18000;if necessary;Preferably use hand tools or low-speed tools equipped
Extreme Length Difference;01.02.02.02.02.22000;3;Mixtures of (3
Extreme Length Difference;01.02.02.02.06.02.02.02.4000;concrete;To protect aquatic organisms/non-target plants do not apply on impermeable surfaces such as asphalt
Extreme Length Difference;01.02.02.02.07.2000;Enthält Formaldehyd.;Contains formaldehyde. It is recommended to wash this clothing item before wearing it for the first time to improve skin tolerance.
Extreme Length Difference;01.02.02.02.07.3000;Gesundheitsschädlich;Caution! Absolutely observe! Damage to health through inhalation possible! Only use outdoors and with good ventilation! Only spray for a few seconds! Spray large areas of leather and textile products only outdoors and allow to air well! Keep away from children!
Extreme Length Difference;01.02.03.01.12000;flash back;Vapours can travel considerable distances to a source of ignition where they can ignite
Extreme Length Difference;01.02.03.01.5000;in pits;The vapour of the product is heavier than air and may accumulate below ground level
Extreme Length Difference;01.02.03.01.9000;sparks;This material can be ignited by heat
Extreme Length Difference;01.02.03.02.5000;excessive dust exposure can cause pneumoconiosis.;A repeated
Extreme Length Difference;01.02.03.03.1000;Annex XIII.;This substance meets the criteria for PBT according to Regulation (EC) No 1907/2006
Extreme Length Difference;01.02.03.03.11001;Das Gemisch enthält >= 0;The mixture contains >= 0.1% of substances that have endocrine disrupting properties. See SECTION 3 of this safety data sheet.
Extreme Length Difference;01.02.03.03.2000;Annex XIII.;This substance meets the vPvB-criteria according to Regulation (EC) No 1907/2006
Extreme Length Difference;01.02.03.03.3000;Annex XIII.;This substance meets the criteria for vPvB and PBT according to Regulation (EC) No 1907/2006
Extreme Length Difference;01.02.03.04.10000.1003;ventilation etc);variable parametres of the processing plant (eg. screw construction
Identical DE/EN;01.03.01.01.02.;CAS Online Inventory Name;CAS Online Inventory Name
Identical DE/EN;01.03.02.02.09.01.01.02.1000;Flam. Gas 1;Flam. Gas 1
Extreme Length Difference;01.03.02.02.09.05.4000;Stoff;Substance with a community workplace exposure limit.
Extreme Length Difference;01.03.02.03.3000;if required.;Exempted according to REACH Article 2(7) and Annex V. Each starting material of the ionic mixture is registered
Invalid or Nonsense Content;01.04.01.03.01.1001;5 - 1 %);Acetic acid (0
Identical DE/EN;01.04.02.01.01.1035;Miosis;Miosis
Identical DE/EN;01.04.02.01.01.1047;Tremor;Tremor
Extreme Length Difference;01.04.03.02.1000;earlobes;In the case of bluish discoloration (lips
Identical DE/EN;01.05.03.01.01.00.1003;Methanol;Methanol
Identical DE/EN;01.05.03.01.01.00.1022;Acrolein;Acrolein
Extreme Length Difference;01.06.02.12000;Sicherstellen;Ensure all waste water is collected and treated via a waste water treatment plant.
Identical DE/EN;01.06.03.02.01.1003;Petroleum;Petroleum
Extreme Length Difference;01.06.03.02.03.22000;In geeigneten;Collect in closed and suitable containers for disposal.
Extreme Length Difference;01.06.03.02.03.23000;fleece).;Wipe up with absorbent material (eg. cloth
Extreme Length Difference;01.06.03.02.03.9000;sucking).;Remove from the water surface (e.g. skimming
Identical DE/EN;01.07.01.01.01.01.10000.1008;Argon;Argon
Extreme Length Difference;01.07.01.01.03.03.4000.;approved industrial vacuum cleaners are recommended;For cleaning
Identical DE/EN;01.07.01.01.05.10000.1001;Aluminium;Aluminium
Extreme Length Difference;01.07.01.01.05.10000.1013;containing light metal;Alloy
Identical DE/EN;01.07.01.01.05.10000.1024;Polyolefine;Polyolefine
Extreme Length Difference;01.07.01.01.05.5000;Sicherstellen;Ensure that fresh air is supplied to the breathing zone of the operator and exhaust air is removed in his back!
Extreme Length Difference;01.07.01.02.00.3000;drink;When using do not eat
Identical DE/EN;01.07.02.04.02.03.01.1003;Frost;Frost
Identical DE/EN;01.07.03.02.01.;Giscode;Giscode
Identical DE/EN;01.07.03.02.01.1020;Bitumen;Bitumen
Extreme Length Difference;01.07.03.02.01.1025;based on calcium sulphate;Putty
Extreme Length Difference;01.07.03.02.01.1194;other;Emulsions/dispersions
Extreme Length Difference;01.07.03.02.01.1217;other;Wood and stone care products
Extreme Length Difference;01.07.03.02.01.1262;toxic;Phenolic resin products
Extreme Length Difference;01.07.03.02.01.1264;harmful;Styrene-containing reaction resins
Extreme Length Difference;01.07.03.02.01.1276;Solvent-free polyurethane installation products;5
Identical DE/EN;01.08.01.01.01.1001;AGW (DE);AGW (DE)
Identical DE/EN;01.08.01.01.01.1002;VLA (ES);VLA (ES)
Identical DE/EN;01.08.01.01.01.1003;MAC (NL);MAC (NL)
Identical DE/EN;01.08.01.01.01.1004;WEL (UK);WEL (UK)
Identical DE/EN;01.08.01.01.01.1005;OEL (EC);OEL (EC)
Identical DE/EN;01.08.01.01.01.1006;TWA (EC);TWA (EC)
Identical DE/EN;01.08.01.01.01.1007;STEL (EC);STEL (EC)
Identical DE/EN;01.08.01.01.01.1008;VLE (FR);VLE (FR)
Identical DE/EN;01.08.01.01.01.1009;ÁK (HU);ÁK (HU)
Identical DE/EN;01.08.01.01.01.1010;PK (HU);PK (HU)
Identical DE/EN;01.08.01.01.01.1011;MK (HU);MK (HU)
Identical DE/EN;01.08.01.01.01.1012;MAK (CH);MAK (CH)
Identical DE/EN;01.08.01.01.01.1013;NDS (PL);NDS (PL)
Identical DE/EN;01.08.01.01.01.1014;NDSCH (PL);NDSCH (PL)
Identical DE/EN;01.08.01.01.01.1015;NDSP (PL);NDSP (PL)
Identical DE/EN;01.08.01.01.01.1016;EBW (DE);EBW (DE)
Identical DE/EN;01.08.01.01.01.1017;GV (NO);GV (NO)
Identical DE/EN;01.08.01.01.01.1018;KV (NO);KV (NO)
Identical DE/EN;01.08.01.01.05.01.00.1001;mg/m³;mg/m³
Identical DE/EN;01.08.01.01.05.01.00.1003;mL/m³;mL/m³
Identical DE/EN;01.08.01.01.10.1001;TRGS 900;TRGS 900
Identical DE/EN;01.08.01.02.05.;Parameter;Parameter
Identical DE/EN;01.08.01.02.05.1002;Acetylcholinesterase;Acetylcholinesterase
Identical DE/EN;01.08.01.02.05.1003;Alumimium;Alumimium
Extreme Length Difference;01.08.01.02.05.1027;5-hexanedione plus 4;2
Identical DE/EN;01.08.01.02.05.1030;CO-Hb;CO-Hb
Identical DE/EN;01.08.01.02.05.1035;1-Methoxypropan-2-ol;1-methoxypropan-2-ol
Identical DE/EN;01.08.01.02.06.00.1007;pmol/g;pmol/g
Identical DE/EN;01.08.01.02.07.1003;Plasma/Serum;Plasma/Serum
Identical DE/EN;01.08.01.02.09.1001;TRGS 903;TRGS 903
Identical DE/EN;01.08.01.03.02.01.1001;BGW (DE);BGW (DE)
Identical DE/EN;01.08.01.04.02.02.00.1005;mg/cm²;mg/cm²
Identical DE/EN;01.08.01.04.02.02.00.1006;µg/cm²;µg/cm²
Extreme Length Difference;01.08.02.01.06.3000;Der Zugang zu Arbeitsräumen;Access to workspaces where nanomaterials are used shall be restricted to authorised and instructed persons only.
Extreme Length Difference;01.08.02.01.06.7000;Staubablagerungen;Elimination of dust deposits containing nanoparticles in the wet/wet process and only as a second priority with a suitable vacuum cleaner (never blow off with compressed air).
Identical DE/EN;01.08.02.02.03.03.02.1021;ABEK-P1;ABEK-P1
Identical DE/EN;01.08.02.02.03.03.02.1022;ABEK-P2;ABEK-P2
Identical DE/EN;01.08.02.02.03.03.02.1023;ABEK-P3;ABEK-P3
Extreme Length Difference;01.08.02.02.03.05.1000;B;Filter types: A
Identical DE/EN;01.08.02.03.03.02.1011;Adsorption;Adsorption
Identical DE/EN;01.08.02.03.03.03.1001;Oxidation;Oxidation
Identical DE/EN;01.09.01.01.01.01.1001;Aerosol;Aerosol
Identical DE/EN;01.09.01.01.01.01.1002;Emulsion;Emulsion
Identical DE/EN;01.09.01.01.01.01.1004.1001;Paste;Paste
Identical DE/EN;01.09.01.01.01.01.1004.1004;Suspension;suspension
Identical DE/EN;01.09.01.01.01.01.1004.1005;Dispersion;dispersion
Identical DE/EN;01.09.01.01.01.01.1005.1007;Chips;chips
Identical DE/EN;01.09.01.01.01.01.1005.1008;Pellets;pellets
Identical DE/EN;01.09.01.01.01.01.1005.1018;Nanomaterial;nanomaterial
Identical DE/EN;01.09.01.01.02.1001;transparent;transparent
Identical DE/EN;01.09.01.01.02.1012;orange;orange
Identical DE/EN;01.09.01.01.02.1028;golden;golden
Identical DE/EN;01.09.01.01.02.1030;bronze;bronze
Identical DE/EN;01.09.01.01.02.1031;beige;beige
Identical DE/EN;01.09.01.01.02.1058;diverse;diverse
Identical DE/EN;01.09.01.02.1011.1011;Phenol;Phenol
Identical DE/EN;01.09.01.02.1011.1013;Paraffin;Paraffin
Identical DE/EN;01.09.01.02.1011.1015;Isobutanol;Isobutanol
Identical DE/EN;01.09.01.02.1011.1016;Butanol;Butanol
Identical DE/EN;01.09.01.02.1011.1018;Ethanol;Ethanol
Identical DE/EN;01.09.01.02.1011.1019;Isopropanol;Isopropanol
Identical DE/EN;01.09.01.02.1011.1029;Ether;Ether
Identical DE/EN;01.09.01.02.1011.1031;Ester;Ester
Identical DE/EN;01.09.01.02.1011.1033;Chloroform;Chloroform
Identical DE/EN;01.09.01.02.1011.1037;Menthol;Menthol
Identical DE/EN;01.09.01.02.1011.1044;Mercaptan;Mercaptan
Identical DE/EN;01.09.01.04.01.03.01.02.1001;OECD 102;OECD 102
Identical DE/EN;01.09.01.04.01.03.01.02.1002;DIN ISO 2207;DIN ISO 2207
Identical DE/EN;01.09.01.04.01.03.01.02.1003;DIN ISO 3841;DIN ISO 3841
Identical DE/EN;01.09.01.04.01.03.01.02.1004;DIN 51556;DIN 51556
Identical DE/EN;01.09.01.04.01.03.01.02.1005;DIN 53175;DIN 53175
Identical DE/EN;01.09.01.04.01.03.02.02.1001;ISO 1041;ISO 1041
Identical DE/EN;01.09.01.04.01.03.03.02.1003;DIN ISO 4625;DIN ISO 4625
Identical DE/EN;01.09.01.04.01.03.03.02.1004;ISO 306;ISO 306
Identical DE/EN;01.09.01.04.01.03.03.02.1005;ISO 5940;ISO 5940
Identical DE/EN;01.09.01.04.01.03.03.02.1006;DIN 51920;DIN 51920
Identical DE/EN;01.09.01.04.01.03.03.02.1007;DIN 52011;DIN 52011
Identical DE/EN;01.09.01.04.01.03.03.02.1008;DIN 52025;DIN 52025
Identical DE/EN;01.09.01.04.01.03.05.;Pourpoint;Pourpoint
Identical DE/EN;01.09.01.04.01.03.05.02.1001;DIN ISO 3016;DIN ISO 3016
Identical DE/EN;01.09.01.04.01.03.05.02.1002;ASTM D97;ASTM D97
Identical DE/EN;01.09.01.04.01.03.05.02.1003;ASTM D5950;ASTM D5950
Identical DE/EN;01.09.01.04.01.03.05.02.1004;ISO 3016;ISO 3016
Identical DE/EN;01.09.01.04.01.03.05.02.1005;ASTM D5346;ASTM D5346
Identical DE/EN;01.09.01.04.01.03.06.02.1002;ISO 1392;ISO 1392
Identical DE/EN;01.09.01.04.01.03.07.02.1001;DIN ISO 2176;DIN ISO 2176
Identical DE/EN;01.09.01.04.01.03.07.02.1002;DIN 51801;DIN 51801
Identical DE/EN;01.09.01.04.01.03.09.02.1001;DIN ISO 2977;DIN ISO 2977
Extreme Length Difference;01.09.01.04.04.1001;Annex;Regulation (EC) No. 440/2008
Identical DE/EN;01.09.01.04.04.1003;EN ISO 3146;EN ISO 3146
Identical DE/EN;01.09.01.04.04.1004;DIN 53181;DIN 53181
Identical DE/EN;01.09.01.04.04.1005;DIN 53736;DIN 53736
Identical DE/EN;01.09.01.04.04.1007;ASTM D3451-76;ASTM D3451-76
Identical DE/EN;01.09.01.04.04.1008;ASTM D1120;ASTM D1120
Identical DE/EN;01.09.01.04.04.1009;ASTM D2116;ASTM D2116
Identical DE/EN;01.09.01.04.04.1010;ASTM D3159;ASTM D3159
Identical DE/EN;01.09.01.04.04.1011;ASTM D3307;ASTM D3307
Identical DE/EN;01.09.01.04.04.1012;ASTM D4591;ASTM D4591
Identical DE/EN;01.09.01.04.04.1013;ASTM D4745;ASTM D4745
Identical DE/EN;01.09.01.04.04.1014;ASTM D4894;ASTM D4894
Identical DE/EN;01.09.01.04.04.1015;ASTM D4895;ASTM D4895
Identical DE/EN;01.09.01.04.04.1016;DIN 51421;DIN 51421
Identical DE/EN;01.09.01.04.04.1017;ASTM D1015;ASTM D1015
Identical DE/EN;01.09.01.05.03.1001;OECD 103;OECD 103
Identical DE/EN;01.09.01.05.03.1003;EN ISO 3405;EN ISO 3405
Identical DE/EN;01.09.01.05.03.1004.;EN ISO 3924;EN ISO 3924
Identical DE/EN;01.09.01.05.03.1005;ISO 4626;ISO 4626
Identical DE/EN;01.09.01.05.03.1006;ISO 918;ISO 918
Identical DE/EN;01.09.01.05.03.1007;DIN 51751;DIN 51751
Identical DE/EN;01.09.01.05.03.1008;DIN 53171;DIN 53171
Identical DE/EN;01.09.01.05.03.1009;ASTM D86;ASTM D86
Identical DE/EN;01.09.01.05.03.1010;ASTM D1078;ASTM D1078
Extreme Length Difference;01.09.01.06.05.00.9000;No. 4.6.;Calculation according to EN ISO 10156
Identical DE/EN;01.09.01.07.01.01.00.1001;Vol-%;Vol-%
Identical DE/EN;01.09.01.07.01.01.00.1003;mol-%;mol-%
Identical DE/EN;01.09.01.07.04.1002;DIN 51649-1;DIN 51649-1
Identical DE/EN;01.09.01.07.04.1003;ASTM E 681;ASTM E 681
Identical DE/EN;01.09.01.07.04.1004;EN ISO 10156;EN ISO 10156
Identical DE/EN;01.09.01.08.02.1002;EN ISO 1516;EN ISO 1516
Identical DE/EN;01.09.01.08.02.1003;EN ISO 1523;EN ISO 1523
Identical DE/EN;01.09.01.08.02.1004;EN ISO 2719;EN ISO 2719
Identical DE/EN;01.09.01.08.02.1005;EN ISO 3679;EN ISO 3679
Identical DE/EN;01.09.01.08.02.1006;EN ISO 3680;EN ISO 3680
Identical DE/EN;01.09.01.08.02.1007;EN ISO 13736;EN ISO 13736
Identical DE/EN;01.09.01.08.02.1010;DIN 51758;DIN 51758
Identical DE/EN;01.09.01.08.02.1011;DIN 51376;DIN 51376
Identical DE/EN;01.09.01.08.02.1012;DIN 53213-1;DIN 53213-1
Identical DE/EN;01.09.01.08.02.1013;DIN 53169;DIN 53169
Identical DE/EN;01.09.01.08.02.1014;DIN 55680;DIN 55680
Identical DE/EN;01.09.01.08.02.1016;ASTM D92;ASTM D92
Identical DE/EN;01.09.01.08.02.1017;NF M 07 - 019;NF M 07 - 019
Identical DE/EN;01.09.01.08.02.1018;NF M 07 - 011;NF M 07 - 011
Identical DE/EN;01.09.01.08.02.1019;NF T 30 - 050;NF T 30 - 050
Identical DE/EN;01.09.01.08.02.1020;NF M 07 - 036;NF M 07 - 036
Identical DE/EN;01.09.01.08.02.1021;NF T 66 - 009;NF T 66 - 009
Identical DE/EN;01.09.01.08.02.1022;BS 2000 Part 170;BS 2000 Part 170
Identical DE/EN;01.09.01.08.02.1023;EN ISO 2592;EN ISO 2592
Identical DE/EN;01.09.01.08.02.1024;GOST 12.1.044;GOST 12.1.044
Identical DE/EN;01.09.01.08.02.1025;ASTM D56;ASTM D56
Identical DE/EN;01.09.01.08.02.1026;ASTM D3828;ASTM D3828
Identical DE/EN;01.09.01.08.02.1027;ASTM D3278;ASTM D3278
Identical DE/EN;01.09.01.08.02.1028;ASTM D93;ASTM D93
Identical DE/EN;01.09.01.09.02.00.1002;DIN 51794;DIN 51794
Identical DE/EN;01.09.01.10.03.1004;DSC/DTA;DSC/DTA
Identical DE/EN;01.09.01.11.05.1001;DIN 19261;DIN 19261
Identical DE/EN;01.09.01.11.05.1002;DIN 19268;DIN 19268
Identical DE/EN;01.09.01.11.05.1003;DIN 51369;DIN 51369
Identical DE/EN;01.09.01.11.05.1004;DIN 53785;DIN 53785
Identical DE/EN;01.09.01.11.05.1005;DIN 53996;DIN 53996
Identical DE/EN;01.09.01.11.05.1006;ISO 4316;ISO 4316
Identical DE/EN;01.09.01.11.05.1007;ISO 976;ISO 976
Identical DE/EN;01.09.01.11.05.1008;OECD 122;OECD 122
Identical DE/EN;01.09.01.11.07.00.1002;neutral;neutral
Identical DE/EN;01.09.01.12.02.00.1002;mPa*s;mPa*s
Identical DE/EN;01.09.01.12.02.00.1003;µPa*s;µPa*s
Identical DE/EN;01.09.01.12.02.01.1001;mm²/s;mm²/s
Identical DE/EN;01.09.01.12.05.00.1001;EN ISO 3104;EN ISO 3104
Identical DE/EN;01.09.01.12.05.00.1002;EN ISO 3219;EN ISO 3219
Identical DE/EN;01.09.01.12.05.00.1003;DIN 51562;DIN 51562
Identical DE/EN;01.09.01.12.05.00.1004;ASTM D445;ASTM D445
Identical DE/EN;01.09.01.12.05.00.1005;DIN ISO 2909;DIN ISO 2909
Identical DE/EN;01.09.01.12.05.00.1006;OECD 114;OECD 114
Identical DE/EN;01.09.01.12.05.01.1001;DIN ISO 6388;DIN ISO 6388
Identical DE/EN;01.09.01.12.05.01.1002;EN ISO 2555;EN ISO 2555
Identical DE/EN;01.09.01.12.05.01.1003;EN ISO 2884;EN ISO 2884
Identical DE/EN;01.09.01.12.05.01.1005;DIN 51377;DIN 51377
Identical DE/EN;01.09.01.12.05.01.1006;DIN 51398;DIN 51398
Identical DE/EN;01.09.01.12.05.01.1007;DIN 51810;DIN 51810
Identical DE/EN;01.09.01.12.05.01.1008;DIN 51550;DIN 51550
Identical DE/EN;01.09.01.12.05.01.1009;DIN 53015;DIN 53015
Identical DE/EN;01.09.01.12.05.01.1010;DIN 53018;DIN 53018
Identical DE/EN;01.09.01.12.05.01.1011;DIN 53019;DIN 53019
Identical DE/EN;01.09.01.12.05.01.1012;DIN 53177;DIN 53177
Identical DE/EN;01.09.01.12.05.01.1013;DIN 53214;DIN 53214
Identical DE/EN;01.09.01.12.05.01.1014;DIN 54811;DIN 54811
Identical DE/EN;01.09.01.12.05.01.1015;ASTM D2196;ASTM D2196
Identical DE/EN;01.09.01.12.05.02.1001;EN ISO 2431;EN ISO 2431
Identical DE/EN;01.09.01.12.05.02.1002;DIN 53211;DIN 53211
Identical DE/EN;01.09.01.12.07.00.2000;Newton.;Newton.
Identical DE/EN;01.09.01.12.07.00.3000;dilatant.;dilatant.
Identical DE/EN;01.09.01.13.01.01.00.1001;kg/m³;kg/m³
Identical DE/EN;01.09.01.13.01.03.01.1016;N-Methylpyrrolidin;N-Methylpyrrolidin
Identical DE/EN;01.09.01.13.04.00.1002;OECD 105;OECD 105
Identical DE/EN;01.09.01.13.04.01.1001;OECD 116;OECD 116
Identical DE/EN;01.09.01.14.04.1002;OECD 107;OECD 107
Identical DE/EN;01.09.01.14.04.1003;OECD 123;OECD 123
Identical DE/EN;01.09.01.14.04.1005;OECD 117;OECD 117
Identical DE/EN;01.09.01.15.04.1002;OECD 104;OECD 104
Identical DE/EN;01.09.01.15.04.1004;DIN 51640;DIN 51640
Identical DE/EN;01.09.01.15.04.1005;DIN 51754;DIN 51754
Identical DE/EN;01.09.01.15.04.1006;ASTM D323;ASTM D323
Identical DE/EN;01.09.01.16.01.02.00.1001;g/cm³;g/cm³
Identical DE/EN;01.09.01.16.05.00.1001;OECD 109;OECD 109
Identical DE/EN;01.09.01.16.05.00.1003;ISO 387;ISO 387
Identical DE/EN;01.09.01.16.05.00.1004;ISO 649;ISO 649
Identical DE/EN;01.09.01.16.05.00.1005;EN ISO 1183;EN ISO 1183
Identical DE/EN;01.09.01.16.05.00.1006;DIN ISO 91-1;DIN ISO 91-1
Identical DE/EN;01.09.01.16.05.00.1007;ISO 758;ISO 758
Identical DE/EN;01.09.01.16.05.00.1008;ISO 3507;ISO 3507
Identical DE/EN;01.09.01.16.05.00.1009;EN ISO 2811-1;EN ISO 2811-1
Identical DE/EN;01.09.01.16.05.00.1010;EN ISO 2811-2;EN ISO 2811-2
Identical DE/EN;01.09.01.16.05.00.1011;EN ISO 2811-3;EN ISO 2811-3
Identical DE/EN;01.09.01.16.05.00.1012;EN ISO 2811-4;EN ISO 2811-4
Identical DE/EN;01.09.01.16.05.00.1013;ISO 91-2;ISO 91-2
Identical DE/EN;01.09.01.16.05.00.1014;DIN 51757;DIN 51757
Identical DE/EN;01.09.01.16.05.00.1015;DIN 53479;DIN 53479
Identical DE/EN;01.09.01.16.05.00.1016;DIN 53217;DIN 53217
Identical DE/EN;01.09.01.16.05.00.1017;DIN 53420;DIN 53420
Identical DE/EN;01.09.01.16.05.00.1018;DIN 12791;DIN 12791
Identical DE/EN;01.09.01.16.05.00.1019;DIN 12793;DIN 12793
Identical DE/EN;01.09.01.16.05.00.1020;DIN 12790;DIN 12790
Identical DE/EN;01.09.01.16.05.00.1021;DIN 12798;DIN 12798
Identical DE/EN;01.09.01.16.05.00.1022;DIN 12800;DIN 12800
Identical DE/EN;01.09.01.16.05.00.1023;DIN 12801;DIN 12801
Identical DE/EN;01.09.01.16.05.00.1024;DIN 12806;DIN 12806
Identical DE/EN;01.09.01.16.05.00.1025;DIN 12807;DIN 12807
Identical DE/EN;01.09.01.16.05.00.1026;DIN 12808;DIN 12808
Identical DE/EN;01.09.01.16.05.00.1027;DIN 12809;DIN 12809
Identical DE/EN;01.09.01.16.05.00.1028;DIN 19683;DIN 19683
Identical DE/EN;01.09.01.16.05.00.1029;DIN 55990;DIN 55990
Identical DE/EN;01.09.01.16.05.00.1030;DIN 53243;DIN 53243
Identical DE/EN;01.09.01.16.05.00.1031;ASTM D792;ASTM D792
Identical DE/EN;01.09.01.16.05.00.1032;ASTM D1298;ASTM D1298
Identical DE/EN;01.09.01.16.05.00.1033;ASTM D1475;ASTM D1475
Identical DE/EN;01.09.01.16.05.00.1034;ASTM D1481;ASTM D1481
Identical DE/EN;01.09.01.16.05.00.1035;ASTM D1296;ASTM D1296
Identical DE/EN;01.09.01.16.05.00.1036;ASTM D297;ASTM D297
Identical DE/EN;01.09.01.16.05.00.1037;ASTM D2111;ASTM D2111
Identical DE/EN;01.09.01.16.05.01.1001;DIN ISO 697;DIN ISO 697
Identical DE/EN;01.09.01.16.05.01.1003;EN ISO 845;EN ISO 845
Identical DE/EN;01.09.01.16.05.01.1004;DIN 53466;DIN 53466
Identical DE/EN;01.09.01.16.05.01.1005;DIN 51705;DIN 51705
Identical DE/EN;01.09.01.18.01.04.00.1002;m²/kg;m²/kg
Identical DE/EN;01.09.02.01.01.02.03.1002;OECD 113;OECD 113
Extreme Length Difference;01.09.02.01.01.02.03.1003;Annex 6;UN Manual of Tests and Criteria
Identical DE/EN;01.09.02.01.01.03.06.01.;EU A.14;EU A.14
Identical DE/EN;01.09.02.01.01.03.06.03.1003;p < 2070 kPa;p < 2070 kPa
Extreme Length Difference;01.09.02.01.02.01.7000;when mixed with air;The study does not need to be conducted because the concentration of the flammable gas in a mixture with inert gases is so low that
Identical DE/EN;01.09.02.01.03.02.04.1001;ASTM D240;ASTM D240
Identical DE/EN;01.09.02.01.03.02.04.1002;EN ISO 13943;EN ISO 13943
Identical DE/EN;01.09.02.01.03.02.04.1006;ASTM D3065;ASTM D3065
Invalid or Nonsense Content;01.09.02.01.04.02.01.01.00.1001;5 %;> 23
Identical DE/EN;01.09.02.01.05.02.01.01.00.1001;g/mol;g/mol
Identical DE/EN;01.09.02.01.06.02.03.01.1002;EN ISO 9038;EN ISO 9038
Identical DE/EN;01.09.02.01.06.02.03.01.1003;ASTM D4206;ASTM D4206
Identical DE/EN;01.09.02.01.08.02.04.1002.00.1001;K/min;K/min
Identical DE/EN;01.09.02.01.08.02.04.1003;Tonset;Tonset
Identical DE/EN;01.09.02.01.08.03.05.08.3001.00.1001;mW/kg*K;mW/kg*K
Identical DE/EN;01.09.02.01.12.02.01.02.00.1001;L/kg*h;L/kg*h
Identical DE/EN;01.09.02.01.12.02.01.02.00.1002;L/kg*min;L/kg*min
Extreme Length Difference;01.09.02.01.15.02.06.00.5000;Section 2.15.2.1.;Calculated according to the formula provided in Regulation (EC) No. 1272/2008 [CLP] Annex I
Identical DE/EN;01.09.02.01.17.03.01.01.00.1001;kg/min;kg/min
Extreme Length Difference;01.09.02.01.17.04.00.1000;Abbrandgeschwindigkeit > 2,2 mm/s.;Category 1: Desensitised explosives with a corrected burning rate (AC) equal to or greater than 300 kg/min but not more than 1200 kg/min.
Extreme Length Difference;01.09.02.02.02.04.01.1000;that polymerization may occurs.;The classification procedure for polymerizing substances and mixtures need not be applied because there are no chemical reactive groups present in the molecule
Identical DE/EN;01.09.02.02.03.01.01.08.01.1006;IEC 61241-2-3 (Mike 3);IEC 61241-2-3 (Mike 3)
Identical DE/EN;01.09.02.02.03.01.01.09.01.1004;IEC 61241-2-1;IEC 61241-2-1
Extreme Length Difference;01.09.02.02.03.01.01.10.04.7000;Part 1;Flammable dust according to VDI 2263
Extreme Length Difference;01.09.02.02.03.01.01.10.04.8000;Part 1;Non-flammable dust according to VDI 2263
Identical DE/EN;01.09.02.02.03.01.01.11.01.1004;ASTM E 2021;ASTM E 2021
Identical DE/EN;01.09.02.02.03.01.01.13.01.1003;ISO/IEC 80079-20-2;ISO/IEC 80079-20-2
Identical DE/EN;01.09.02.02.05.03.1001;DIN 53170;DIN 53170
Identical DE/EN;01.09.02.02.05.03.1002;ASTM D3539;ASTM D3539
Identical DE/EN;01.09.02.02.09.01.02.1007;ISO/IEC 80079-20-1;ISO/IEC 80079-20-1
Identical DE/EN;01.09.02.02.09.06.02.1001;IEC 60079-11;IEC 60079-11
Identical DE/EN;01.09.02.02.09.07.02.1001;ASTM E 582;ASTM E 582
Identical DE/EN;01.09.02.02.09.09.01.00.1001;bar/s;bar/s
Identical DE/EN;01.09.02.02.14.04.1002;OECD 112;OECD 112
Identical DE/EN;01.09.02.02.19.02.1001;DIN 53402;DIN 53402
Identical DE/EN;01.09.02.02.21.01.01.00.1002;kg/mol;kg/mol
Identical DE/EN;01.09.02.02.21.01.02.1002;OECD 118;OECD 118
Identical DE/EN;01.09.02.02.21.01.02.1003;DIN 55672;DIN 55672
Identical DE/EN;01.09.02.02.21.04.02.1002;OECD 119;OECD 119
Identical DE/EN;01.09.02.02.21.04.02.1003;ASTM D5296;ASTM D5296
Identical DE/EN;01.09.02.02.21.05.04.1002;OECD 120;OECD 120
Identical DE/EN;01.09.02.02.21.05.04.1003;DIN 53733;DIN 53733
Identical DE/EN;01.09.02.02.22.04.1002;OECD 115;OECD 115
Identical DE/EN;01.09.02.02.22.04.1003;ISO 304;ISO 304
Extreme Length Difference;01.10.01.00.5000;lead;May cause strong formation of hydrogen by contact with amphoteric metals (e.g. aluminia
Extreme Length Difference;01.10.02.00.5000;reducing substances;Polymerization with heat evolution may occur in the presence of radical forming substances (e.g. peroxides)
Identical DE/EN;01.10.08.1061;Isocyanate;Isocyanate
Identical DE/EN;01.10.08.1076;Lewis-Base;Lewis-base
Identical DE/EN;01.10.08.1088;Nitrile;Nitrile
Identical DE/EN;01.10.08.1096;Peroxide;Peroxide
Extreme Length Difference;01.10.08.1105;wetted product (e.g. cotton pulp);Tissue
Extreme Length Difference;01.10.08.1132;OH-;Substances containing active hydrogen (e.g. NHx-
Identical DE/EN;01.11.01.01.01.01.01.1002;OECD 417;OECD 417
Identical DE/EN;01.11.01.01.01.01.01.1004;OECD 427;OECD 427
Identical DE/EN;01.11.01.01.01.01.01.1006;OECD 428;OECD 428
Identical DE/EN;01.11.01.01.02.02.00.1004;Inhalation (Gas);Inhalation (gas)
Identical DE/EN;01.11.01.01.02.02.01.01.04.;cATpE:;cATpE:
Identical DE/EN;01.11.01.01.02.02.01.01.05.;LDL0:;LDL0:
Identical DE/EN;01.11.01.01.02.02.01.03.1005;Hamster;Hamster
Identical DE/EN;01.11.01.01.02.02.01.04.1001;OECD 401;OECD 401
Identical DE/EN;01.11.01.01.02.02.01.04.1004;OECD 420;OECD 420
Identical DE/EN;01.11.01.01.02.02.01.04.1005;OECD 423;OECD 423
Identical DE/EN;01.11.01.01.02.02.01.04.1006;OECD 425;OECD 425
Identical DE/EN;01.11.01.01.02.02.02.04.1001;OECD 402;OECD 402
Identical DE/EN;01.11.01.01.02.02.03.01.05.1001;OECD 403;OECD 403
Identical DE/EN;01.11.01.01.02.02.03.01.05.1003;OECD 436;OECD 436
Identical DE/EN;01.11.01.01.02.02.03.02.02.00.1003;mg/mL;mg/mL
Identical DE/EN;01.11.01.01.03.00.1001;in-vitro;in-vitro
Identical DE/EN;01.11.01.01.03.00.1002;in-vivo;in-vivo
Identical DE/EN;01.11.01.01.03.03.01.1002;OECD 430;OECD 430
Identical DE/EN;01.11.01.01.03.03.01.1004;OECD 431;OECD 431
Identical DE/EN;01.11.01.01.03.03.01.1006;OECD 439;OECD 439
Extreme Length Difference;01.11.01.01.03.03.01.1007;Annex;Regulation (EC) No. 735/2017
Identical DE/EN;01.11.01.01.03.03.01.1008;OECD 435;OECD 435
Identical DE/EN;01.11.01.01.03.04.02.1001;OECD 404;OECD 404
Identical DE/EN;01.11.01.01.04.02.01.1002;OECD 437;OECD 437
Identical DE/EN;01.11.01.01.04.02.01.1004;OECD 438;OECD 438
Identical DE/EN;01.11.01.01.04.02.01.1006;OECD 491;OECD 491
Identical DE/EN;01.11.01.01.04.02.01.1008;OECD 492;OECD 492
Identical DE/EN;01.11.01.01.04.02.01.1010;OECD 460;OECD 460
Identical DE/EN;01.11.01.01.04.03.02.1001;OECD 405;OECD 405
Extreme Length Difference;01.11.01.01.04.03.04.9001.1002;5);very faint opacity (0
Extreme Length Difference;01.11.01.01.04.03.04.9002.1002;5);very minor single cell staining (0
Identical DE/EN;01.11.01.01.05.02.02.03.1004;OECD 406;OECD 406
Identical DE/EN;01.11.01.01.05.02.02.03.1006;OECD 429;OECD 429
Identical DE/EN;01.11.01.01.05.02.02.03.1008;OECD 442A;OECD 442A
Identical DE/EN;01.11.01.01.05.02.02.03.1010;OECD 442B;OECD 442B
Identical DE/EN;01.11.01.01.05.02.02.03.1012;OECD 442C;OECD 442C
Identical DE/EN;01.11.01.01.05.02.02.03.1014;OECD 442D;OECD 442D
Identical DE/EN;01.11.01.01.05.02.02.03.1016;OECD 442E;OECD 442E
Extreme Length Difference;01.11.01.01.05.02.04.02.4000;Nicht einstufbar;Not classifiable because the substance causes skin corrosion (Category 1).
Identical DE/EN;01.11.01.01.06.01.01.01.01.;NOEL(C):;NOEL(C):
Identical DE/EN;01.11.01.01.06.01.01.01.02.;LOEL(C):;LOEL(C):
Identical DE/EN;01.11.01.01.06.01.01.01.03.;NOAEL(C):;NOAEL(C):
Identical DE/EN;01.11.01.01.06.01.01.05.1003;OECD 476;OECD 476
Identical DE/EN;01.11.01.01.06.01.01.05.1005;OECD 473;OECD 473
Identical DE/EN;01.11.01.01.06.01.01.05.1007;OECD 471 (Ames Test);OECD 471 (Ames test)
Identical DE/EN;01.11.01.01.06.01.01.05.1010;OECD 490;OECD 490
Identical DE/EN;01.11.01.01.06.01.01.05.1012;OECD 487;OECD 487
Identical DE/EN;01.11.01.01.06.01.01.05.1014.1001;OECD 480;OECD 480
Identical DE/EN;01.11.01.01.06.01.01.05.1014.1002;OECD 481;OECD 481
Identical DE/EN;01.11.01.01.06.01.01.05.1014.1004;OECD 479;OECD 479
Identical DE/EN;01.11.01.01.06.01.01.05.1014.1006;OECD 482;OECD 482
Identical DE/EN;01.11.01.01.06.01.02.04.1001;Drosophila;Drosophila
Identical DE/EN;01.11.01.01.06.01.02.06.1003;OECD 475;OECD 475
Identical DE/EN;01.11.01.01.06.01.02.06.1005;OECD 478;OECD 478
Identical DE/EN;01.11.01.01.06.01.02.06.1007;OECD 483;OECD 483
Identical DE/EN;01.11.01.01.06.01.02.06.1009;OECD 485;OECD 485
Identical DE/EN;01.11.01.01.06.01.02.06.1011;OECD 486;OECD 486
Identical DE/EN;01.11.01.01.06.01.02.06.1013;OECD 488;OECD 488
Identical DE/EN;01.11.01.01.06.01.02.06.1014;OECD 474;OECD 474
Identical DE/EN;01.11.01.01.06.01.02.06.1015;OECD 489;OECD 489
Identical DE/EN;01.11.01.01.06.01.02.06.1017.1002;OECD 477;OECD 477
Identical DE/EN;01.11.01.01.06.01.02.06.1017.1004;OECD 484;OECD 484
Identical DE/EN;01.11.01.01.06.02.02.01.06.;BMD10:;BMD10:
Identical DE/EN;01.11.01.01.06.02.02.07.1002;OECD 451;OECD 451
Identical DE/EN;01.11.01.01.06.02.02.07.1004;OECD 453;OECD 453
Identical DE/EN;01.11.01.01.06.03.02.01.07.1002;OECD 414;OECD 414
Identical DE/EN;01.11.01.01.06.03.02.01.07.1003;OECD 421;OECD 421
Identical DE/EN;01.11.01.01.06.03.02.01.07.1004;OECD 422;OECD 422
Identical DE/EN;01.11.01.01.06.03.02.01.07.1007;OECD 443;OECD 443
Identical DE/EN;01.11.01.01.06.03.02.01.07.1009;OECD 416;OECD 416
Identical DE/EN;01.11.01.01.06.03.02.01.07.1012.1001;OECD 415;OECD 415
Identical DE/EN;01.11.01.01.06.03.02.02.07.1004;OECD 426;OECD 426
Identical DE/EN;01.11.01.01.07.01.02.01.05.1002;OECD 407;OECD 407
Identical DE/EN;01.11.01.01.07.01.02.01.05.1004;OECD 418;OECD 418
Identical DE/EN;01.11.01.01.07.01.02.02.05.1002;OECD 410;OECD 410
Identical DE/EN;01.11.01.01.07.01.02.03.05.1002;OECD 412;OECD 412
Identical DE/EN;01.11.01.01.08.02.01.07.1002;OECD 408;OECD 408
Identical DE/EN;01.11.01.01.08.02.01.07.1004;OECD 409;OECD 409
Identical DE/EN;01.11.01.01.08.02.01.07.1006;OECD 452;OECD 452
Identical DE/EN;01.11.01.01.08.02.01.07.1011;OECD 419;OECD 419
Identical DE/EN;01.11.01.01.08.02.01.07.1013;OECD 424;OECD 424
Identical DE/EN;01.11.01.01.08.02.02.07.1002;OECD 411;OECD 411
Identical DE/EN;01.11.01.01.08.02.03.07.1002;OECD 413;OECD 413
Identical DE/EN;01.11.01.02.02.02.01.02.04.;ATEmix:;ATEmix:
Extreme Length Difference;01.11.01.02.11.9000;blistering;Prolonged or repeated contact with skin or mucous membrane result in irritation symptoms such as redness
Identical DE/EN;01.11.02.01.01.03.1002;OECD 440;OECD 440
Identical DE/EN;01.11.02.01.01.03.1004;OECD 441;OECD 441
Identical DE/EN;01.11.02.01.01.03.1006;OECD 456;OECD 456
Identical DE/EN;01.11.02.01.01.03.1008;OECD 493;OECD 493
Identical DE/EN;01.11.02.01.01.03.1010;OECD 455;OECD 455
Identical DE/EN;01.11.02.01.01.03.1011;OECD 457;OECD 457
Identical DE/EN;01.11.02.01.02.01.01.01.01.;EC50 (+ UVA):;EC50 (+ UVA):
Identical DE/EN;01.11.02.01.02.01.01.01.02.;EC50 (- UVA):;EC50 (- UVA):
Identical DE/EN;01.11.02.01.02.01.01.04.1002;OECD 432;OECD 432
Identical DE/EN;01.12.01.01.01.01.04.1006;Poecilia reticulata (Guppy);Poecilia reticulata (Guppy)
Identical DE/EN;01.12.01.01.01.01.05.1002;EN ISO 7346;EN ISO 7346
Identical DE/EN;01.12.01.01.01.01.05.1003;OECD 203;OECD 203
Identical DE/EN;01.12.01.01.01.01.05.1005;OECD 212;OECD 212
Identical DE/EN;01.12.01.01.01.02.01.01.;NOEC:;NOEC:
Identical DE/EN;01.12.01.01.01.02.01.02.;NOELR:;NOELR:
Identical DE/EN;01.12.01.01.01.02.05.1001;OECD 204;OECD 204
Identical DE/EN;01.12.01.01.01.02.05.1003;OECD 210;OECD 210
Identical DE/EN;01.12.01.01.01.02.05.1005;OECD 215;OECD 215
Identical DE/EN;01.12.01.01.01.02.05.1007;OECD 230;OECD 230
Identical DE/EN;01.12.01.01.01.02.05.1009;OECD 229;OECD 229
Identical DE/EN;01.12.01.01.01.02.05.1011;OECD 236;OECD 236
Identical DE/EN;01.12.01.01.01.03.04.1004;Chaetogammarus marinus;Chaetogammarus marinus
Identical DE/EN;01.12.01.01.01.03.05.1002;EN ISO 6341;EN ISO 6341
Identical DE/EN;01.12.01.01.01.03.05.1003;OECD 202;OECD 202
Identical DE/EN;01.12.01.01.01.04.05.1001;OECD 211;OECD 211
Identical DE/EN;01.12.01.01.01.05.01.03.;ErC50:;ErC50:
Identical DE/EN;01.12.01.01.01.05.01.04.;EbC50:;EbC50:
Identical DE/EN;01.12.01.01.01.05.04.1007;Chlorella fusca;Chlorella fusca
Identical DE/EN;01.12.01.01.01.05.05.1002;EN ISO 8692;EN ISO 8692
Identical DE/EN;01.12.01.01.01.05.05.1003;OECD 201;OECD 201
Identical DE/EN;01.12.01.01.01.07.05.1002;OECD 221;OECD 221
Identical DE/EN;01.12.01.01.01.07.05.1004;OECD 238;OECD 238
Identical DE/EN;01.12.01.01.01.07.05.1006;OECD 239;OECD 239
Identical DE/EN;01.12.01.01.01.08.05.1006;OECD 209;OECD 209
Identical DE/EN;01.12.01.01.01.08.05.1007;EN ISO 8192;EN ISO 8192
Identical DE/EN;01.12.01.01.02.05.1001;OECD 218;OECD 218
Identical DE/EN;01.12.01.01.02.05.1002;OECD 219;OECD 219
Identical DE/EN;01.12.01.01.02.05.1003;OECD 225;OECD 225
Identical DE/EN;01.12.01.01.02.05.1005;OECD 232;OECD 232
Identical DE/EN;01.12.01.01.02.05.1007;OECD 235;OECD 235
Identical DE/EN;01.12.01.01.03.01.05.1001;OECD 216;OECD 216
Identical DE/EN;01.12.01.01.03.01.05.1002;OECD 217;OECD 217
Identical DE/EN;01.12.01.01.03.01.05.1003;OECD 224;OECD 224
Identical DE/EN;01.12.01.01.03.02.01.04.1001;Eisenia fetida;Eisenia fetida
Identical DE/EN;01.12.01.01.03.02.01.04.1002;Lumbriculus variegatus;Lumbriculus variegatus
Identical DE/EN;01.12.01.01.03.02.01.05.1001;OECD 207;OECD 207
Identical DE/EN;01.12.01.01.03.02.02.04.1003;Enchytraeus albidus;Enchytraeus albidus
Identical DE/EN;01.12.01.01.03.02.02.05.1001;OECD 222;OECD 222
Identical DE/EN;01.12.01.01.03.02.02.05.1003;OECD 220;OECD 220
Identical DE/EN;01.12.01.01.03.03.01.05.00.1002;OECD 213;OECD 213
Identical DE/EN;01.12.01.01.03.03.01.05.00.1004;OECD 214;OECD 214
Identical DE/EN;01.12.01.01.03.03.01.05.00.1005;OECD 237;OECD 237
Identical DE/EN;01.12.01.01.03.03.01.05.01.1001;OECD 226;OECD 226
Identical DE/EN;01.12.01.01.03.03.01.05.01.1005;OECD 233;OECD 233
Identical DE/EN;01.12.01.01.03.03.01.05.01.1007;OECD 228;OECD 228
Identical DE/EN;01.12.01.01.03.04.01.04.1001;Daucus carota;Daucus carota
Identical DE/EN;01.12.01.01.03.04.01.04.2000;Helianthus annuus;Helianthus annuus
Identical DE/EN;01.12.01.01.03.04.01.04.2001;Lactuca sativa;Lactuca sativa
Identical DE/EN;01.12.01.01.03.04.01.04.2002;Sinapis alba;Sinapis alba
Identical DE/EN;01.12.01.01.03.04.01.04.2003;Brassica campestris var. chinensis;Brassica campestris var. chinensis
Identical DE/EN;01.12.01.01.03.04.01.04.2004;Brassica napus;Brassica napus
Identical DE/EN;01.12.01.01.03.04.01.04.2005;Brassica oleracea var. capitata;Brassica oleracea var. capitata
Identical DE/EN;01.12.01.01.03.04.01.04.2006;Brassica rapa;Brassica rapa
Identical DE/EN;01.12.01.01.03.04.01.04.2007;Lepidium sativum;Lepidium sativum
Identical DE/EN;01.12.01.01.03.04.01.04.2008;Raphanus sativus;Raphanus sativus
Identical DE/EN;01.12.01.01.03.04.01.04.2009;Beta vulgaris;Beta vulgaris
Identical DE/EN;01.12.01.01.03.04.01.04.2010;Cucumis sativus;Cucumis sativus
Identical DE/EN;01.12.01.01.03.04.01.04.2011;Glycine max (G. soja);Glycine max (G. soja)
Identical DE/EN;01.12.01.01.03.04.01.04.2012;Phaseolus aureus;Phaseolus aureus
Identical DE/EN;01.12.01.01.03.04.01.04.2013;Phaseolus vulgaris;Phaseolus vulgaris
Identical DE/EN;01.12.01.01.03.04.01.04.2014;Pisum sativum;Pisum sativum
Identical DE/EN;01.12.01.01.03.04.01.04.2015;Trigonella foenum-graecum;Trigonella foenum-graecum
Identical DE/EN;01.12.01.01.03.04.01.04.2016;Lotus corniculatus;Lotus corniculatus
Identical DE/EN;01.12.01.01.03.04.01.04.2017;Trifolium pratense;Trifolium pratense
Identical DE/EN;01.12.01.01.03.04.01.04.2018;Vicia sativa;Vicia sativa
Identical DE/EN;01.12.01.01.03.04.01.04.2019;Linum usitatissimum;Linum usitatissimum
Identical DE/EN;01.12.01.01.03.04.01.04.2020;Fagopyrum esculentum;Fagopyrum esculentum
Identical DE/EN;01.12.01.01.03.04.01.04.2021;Solanum lycopersicon;Solanum lycopersicon
Identical DE/EN;01.12.01.01.03.04.01.04.2022;Allium cepa;Allium cepa
Identical DE/EN;01.12.01.01.03.04.01.04.2023;Avena sativa;Avena sativa
Identical DE/EN;01.12.01.01.03.04.01.04.2024;Hordeum vulgare;Hordeum vulgare
Identical DE/EN;01.12.01.01.03.04.01.04.2025;Lolium perenne;Lolium perenne
Identical DE/EN;01.12.01.01.03.04.01.04.2026;Oryza sativa;Oryza sativa
Identical DE/EN;01.12.01.01.03.04.01.04.2027;Secale cereale;Secale cereale
Identical DE/EN;01.12.01.01.03.04.01.04.2028;Sorghum bicolor;Sorghum bicolor
Identical DE/EN;01.12.01.01.03.04.01.04.2029;Triticum aestivum;Triticum aestivum
Identical DE/EN;01.12.01.01.03.04.01.04.2030;Zea mays;Zea mays
Identical DE/EN;01.12.01.01.03.04.01.05.1001;EN ISO 11269-2;EN ISO 11269-2
Identical DE/EN;01.12.01.01.03.04.01.05.1002;OECD 227;OECD 227
Identical DE/EN;01.12.01.01.03.04.02.01.02.;LOEC:;LOEC:
Identical DE/EN;01.12.01.01.03.04.02.05.1001;OECD 208;OECD 208
Identical DE/EN;01.12.01.01.03.05.01.05.1002;OECD 205;OECD 205
Identical DE/EN;01.12.01.01.03.05.01.05.1003;OECD 223;OECD 223
Identical DE/EN;01.12.01.01.03.05.02.05.1001;OECD 206;OECD 206
Identical DE/EN;01.12.01.02.01.06.1001;OECD 301A;OECD 301A
Identical DE/EN;01.12.01.02.01.06.1002;OECD 301B;OECD 301B
Identical DE/EN;01.12.01.02.01.06.1003;OECD 301C;OECD 301C
Identical DE/EN;01.12.01.02.01.06.1004;OECD 301D;OECD 301D
Identical DE/EN;01.12.01.02.01.06.1005;OECD 301E;OECD 301E
Identical DE/EN;01.12.01.02.01.06.1006;OECD 301F;OECD 301F
Identical DE/EN;01.12.01.02.01.06.1007;OECD 302A;OECD 302A
Identical DE/EN;01.12.01.02.01.06.1008;OECD 302B;OECD 302B
Identical DE/EN;01.12.01.02.01.06.1009;OECD 302C;OECD 302C
Identical DE/EN;01.12.01.02.01.06.1010;OECD 303;OECD 303
Identical DE/EN;01.12.01.02.01.06.1011;OECD 304A;OECD 304A
Identical DE/EN;01.12.01.02.01.06.1012;OECD 306;OECD 306
Identical DE/EN;01.12.01.02.01.06.1014;ISO 18749;ISO 18749
Identical DE/EN;01.12.01.02.01.06.1017;OECD 311;OECD 311
Identical DE/EN;01.12.01.02.01.06.1019;OECD 314;OECD 314
Identical DE/EN;01.12.01.02.01.06.1020;OECD 310;OECD 310
Identical DE/EN;01.12.01.02.01.06.1022;OECD 308;OECD 308
Extreme Length Difference;01.12.01.02.01.08.00.12000;Das Produkt ist;In accordance with the required stability the product is poorly biodegradable.
Identical DE/EN;01.12.01.02.02.04.1001;OECD 111;OECD 111
Identical DE/EN;01.12.01.02.02.04.1003;OECD 309;OECD 309
Identical DE/EN;01.12.01.02.02.04.1005;OECD 307;OECD 307
Identical DE/EN;01.12.01.02.02.04.1007;OECD 316;OECD 316
Identical DE/EN;01.12.01.02.02.04.1008;OECD 101;OECD 101
Identical DE/EN;01.12.01.03.01.03.1001;OECD 305;OECD 305
Identical DE/EN;01.12.01.03.01.03.1002;OPPTS 850.4800;OPPTS 850.4800
Identical DE/EN;01.12.01.03.01.03.1004;OECD 315;OECD 315
Identical DE/EN;01.12.01.03.01.03.1006;OECD 317;OECD 317
Identical DE/EN;01.12.01.04.06.1001;OECD 106;OECD 106
Identical DE/EN;01.12.01.04.06.1002;Langmuir;Langmuir
Identical DE/EN;01.12.01.04.06.1003;Freundlich;Freundlich
Identical DE/EN;01.12.01.04.06.1006;OECD 121;OECD 121
Identical DE/EN;01.12.01.04.06.1008;EpiSuite QSAR tool;EpiSuite QSAR tool
Identical DE/EN;01.12.01.04.06.1009;OECD 312;OECD 312
Identical DE/EN;01.12.01.04.08.00.3000;Hysteresis;Hysteresis
Extreme Length Difference;01.12.01.05.1000;Annex XIII.;This substance does not meet the PBT/vPvB criteria of REACH
Extreme Length Difference;01.12.01.05.2000;annex XIII.;This substance meets the PBT criteria of REACH
Extreme Length Difference;01.12.01.05.3000;annex XIII.;This substance meets the vPvB criteria of REACH
Identical DE/EN;01.12.01.06.03.1003;OECD 231;OECD 231
Identical DE/EN;01.12.01.06.03.1005;OECD 234;OECD 234
Identical DE/EN;01.12.01.06.03.1007;OECD 240;OECD 240
Identical DE/EN;01.12.01.06.03.1008;OECD 241;OECD 241
Identical DE/EN;01.12.01.08.01.05.1001;EPA Method 415.3;EPA Method 415.3
Identical DE/EN;01.12.01.08.01.05.1002;EPA Method 415.1;EPA Method 415.1
Identical DE/EN;01.12.01.08.01.05.1003;ASTM D7573;ASTM D7573
Identical DE/EN;01.12.01.08.04.05.1002;EPA Method 410.4;EPA Method 410.4
Identical DE/EN;01.12.01.08.08.05.1001;ASTM D5904;ASTM D5904
Extreme Length Difference;01.12.02.05.1000;annex XIII.;The substance in the mixture does not meet the PBT/vPvB criteria according to REACH
Extreme Length Difference;01.12.02.05.2000;annex XIII.;The substances in the mixture does not meet the PBT/vPvB criteria according to REACH
Extreme Length Difference;01.13.01.01.01.02.1001;etc.);Deposit into or on to land (e.g. landfill
Extreme Length Difference;01.13.01.01.01.04.01.;MINING;WASTES RESULTING FROM EXPLORATION
Extreme Length Difference;01.13.01.01.01.04.04.01.1008;shavings;waste tanned leather (blue sheetings
Extreme Length Difference;01.13.01.01.01.04.06.04.1003;Abfälle;wastes containing other heavy metals
Extreme Length Difference;01.13.01.01.01.04.06.06.1001;Abfälle;wastes containing hazardous sulphides
Extreme Length Difference;01.13.01.01.01.04.06.08.1001;Abfälle;waste containing hazardous chlorosilanes
Extreme Length Difference;01.13.01.01.01.04.06.10.1001;Abfälle;wastes containing hazardous substances
Extreme Length Difference;01.13.01.01.01.04.06.12.1005;Ofen- und Kaminruß;Soot
Extreme Length Difference;01.13.01.01.01.04.07.02.1013;Abfälle;waste containing hazardous silicones
Extreme Length Difference;01.13.01.01.01.04.07.06.;grease;wastes from the MFSU of fats
Extreme Length Difference;01.13.01.01.01.04.10.03.1010;Filterstaub;flue-gas dust containing hazardous substances
Extreme Length Difference;01.13.01.01.01.04.10.12.;bricks;wastes from manufacture of ceramic goods
Extreme Length Difference;01.13.01.01.01.04.14.01.1001;HCFC;chlorofluorocarbons
Extreme Length Difference;01.13.01.01.01.04.16.;ABFÄLLE;WASTES NOT OTHERWISE SPECIFIED IN THE LIST
Extreme Length Difference;01.13.01.01.01.04.16.07.1002;Abfälle;wastes containing other hazardous substances
Extreme Length Difference;01.13.01.01.01.04.16.08.1001;silver;spent catalysts containing gold
Extreme Length Difference;01.13.01.01.01.04.17.02.;glass and plastic;wood
Extreme Length Difference;01.13.01.01.01.04.17.05.1003;Baggergut;dredging spoil containing hazardous substances
Extreme Length Difference;01.13.01.01.01.04.19.01.1001;Eisenteile;ferrous materials removed from bottom ash
Extreme Length Difference;01.13.01.01.01.04.19.12.1006;Holz;wood containing hazardous substances
Extreme Length Difference;01.13.01.01.03.00.4000;Abfallschlüssel Produkt;The waste code has to be identified in agreement with the disposal company or the competent authority.
Extreme Length Difference;01.14.06.1000;Beförderung in Gefäßen mit einem Fassungsraum von höchstens 450 Litern unterliegen nicht den Vorschriften des ADR/RID;Carry in frozen state.
Identical DE/EN;01.14.08.05.04.4000;Cargo Aircraft only.;Cargo Aircraft only.
Extreme Length Difference;01.15.01.01.01.02.01.;no.:;Use restriction according to REACH annex XVII
Extreme Length Difference;01.15.01.01.01.03.6000;asthma;People who suffer from skin sensitization problems
Extreme Length Difference;01.15.01.01.02.02.01.00.2000;Verwendungsbeschränkungen;The fuel is subject to use restrictions according to Article 34(4) of the Industrial Emissions Directive (2010/75/EU).
Extreme Length Difference;01.15.01.01.02.02.01.00.3000;Verwendungsbeschränkungen;The fuel is not subject to use restrictions according to Article 34(4) of the Industrial Emissions Directive (2010/75/EU).
Identical DE/EN;01.15.01.01.02.02.03.01.04.1000;ISO 11890-1;ISO 11890-1
Identical DE/EN;01.15.01.01.02.02.03.01.04.2000;ISO 11890-2;ISO 11890-2
Identical DE/EN;01.15.01.01.02.02.03.02.03.1001;EN ISO 3251;EN ISO 3251
Extreme Length Difference;01.15.01.01.02.03.;Farben und Lacke;Directive 2004/42/EC on the limitation of emissions of volatile organic compounds
Identical DE/EN;01.15.01.01.02.04.01.2001;ASTM D2369;ASTM D2369
Extreme Length Difference;01.15.01.01.02.06.01.1002;Desinfektionsmittel;Product-type 2: Disinfectants and algaecides not intended for direct application to humans or animals
Extreme Length Difference;01.15.01.01.02.07.02.1011;nickel dioxide;Nickel compounds in inhalable powder form: nickel monoxide
Identical DE/EN;01.15.01.01.02.07.02.1049;4-Nitrodiphenyl;4-Nitrodiphenyl
Extreme Length Difference;01.15.01.01.02.07.02.1062;Natriumhypochlorit-Gemische;Mixtures of sodium hypochlorite classified as Aquatic Acute Category 1 [H400] containing less than 5 % active chlorine and not classified under any of the other hazard categories in Part 1 of Annex I
Extreme Length Difference;01.15.01.01.02.07.04.4000;Part 2.;Substance not named in Annex I
Extreme Length Difference;01.15.01.01.02.09.01.1004;Stoffe;substances which have been proved to possess carcinogenic properties in or via the aquatic environment
Identical DE/EN;01.15.01.01.02.09.02.01.1003;Nickel;nickel
Identical DE/EN;01.15.01.01.02.09.02.01.1012;Barium;barium
Identical DE/EN;01.15.01.01.02.09.02.01.1013;Beryllium;beryllium
Identical DE/EN;01.15.01.01.02.09.02.01.1016;Vanadium;vanadium
Extreme Length Difference;01.15.01.01.02.09.02.08.;Stoffe;Substances which have an adverse effect on the oxygen balance
Extreme Length Difference;01.15.01.02.01.01.05.01.1003;Category 1;H3 STOT SPECIFIC TARGET ORGAN TOXICITY  SINGLE EXPOSURE STOT SE
Extreme Length Difference;01.15.01.02.01.01.05.01.1014;Type C;P6b Self-reactive substances and mixtures
Identical DE/EN;01.15.01.02.01.01.05.02.1033;Bis(2-dimethylaminoethyl)-methylamin;Bis(2-dimethylaminoethyl)-methylamin
Extreme Length Difference;01.15.01.02.01.01.05.02.1055;nickel dioxide;Nickel compounds in inhalable powder form (nickel monoxide
Extreme Length Difference;01.15.01.02.01.01.05.04.5000;No 2.;The classification of this product as a named substance is based on the mixing rule according to Annex I
Extreme Length Difference;01.15.01.02.01.01.05.04.6000;No. 5;For the application of the addition rules according to Annex I
Invalid or Nonsense Content;01.15.01.02.01.01.08.03.1001;5.2.1;5.2.1
Invalid or Nonsense Content;01.15.01.02.01.01.08.03.1002;5.2.2;5.2.2
Invalid or Nonsense Content;01.15.01.02.01.01.08.03.1003;5.2.4;5.2.4
Invalid or Nonsense Content;01.15.01.02.01.01.08.03.1004;5.2.5;5.2.5
Invalid or Nonsense Content;01.15.01.02.01.01.08.03.1005;5.2.7.1.1;5.2.7.1.1
Invalid or Nonsense Content;01.15.01.02.01.01.08.03.1006;5.2.7.1.2;5.2.7.1.2
Invalid or Nonsense Content;01.15.01.02.01.01.08.03.1007;5.2.7.1.3;5.2.7.1.3
Invalid or Nonsense Content;01.15.01.02.01.01.08.03.1008;5.2.7.2;5.2.7.2
Extreme Length Difference;01.15.01.02.01.01.11.01.;No. 2.3:;Assignment of organic peroxides to hazard groups according to GefStoffV Annex III
Extreme Length Difference;01.15.01.02.01.01.12.02.00.1000;3a.;Documentation of self-classification carried out according to VwVwS
Extreme Length Difference;01.15.01.02.01.01.12.02.00.2000;3a.;Documentation of self-classification not carried out according to VwVwS
Identical DE/EN;01.15.01.02.01.01.14.2000;5 MuSchRiV.;5 MuSchRiV.
Identical DE/EN;01.15.01.02.01.01.14.3000;22 JArbSchG.;22 JArbSchG.
Identical DE/EN;01.15.01.02.01.01.14.4000;4 MuSchRiV.;4 MuSchRiV.
Identical DE/EN;01.15.01.02.01.01.15.01.1001;Wasch- und Reinigungsmittelgesetz;Wasch- und Reinigungsmittelgesetz
Identical DE/EN;01.15.01.02.01.01.15.01.1002;Kosmetikverordnung;Kosmetikverordnung
Identical DE/EN;01.15.01.02.01.01.15.01.1003.1001;TRGS 201;TRGS 201
Identical DE/EN;01.15.01.02.01.01.15.01.1003.1002;TRGS 220;TRGS 220
Identical DE/EN;01.15.01.02.01.01.15.01.1003.1003;TRGS 400;TRGS 400
Identical DE/EN;01.15.01.02.01.01.15.01.1003.1004;TRGS 401;TRGS 401
Identical DE/EN;01.15.01.02.01.01.15.01.1003.1005;TRGS 402;TRGS 402
Identical DE/EN;01.15.01.02.01.01.15.01.1003.1006;TRBA/TRGS 430;TRBA/TRGS 430
Identical DE/EN;01.15.01.02.01.01.15.01.1003.1007;TRGS 407;TRGS 407
Identical DE/EN;01.15.01.02.01.01.15.01.1003.1008;TRGS 410;TRGS 410
Identical DE/EN;01.15.01.02.01.01.15.01.1003.1009;TRGS 420;TRGS 420
Identical DE/EN;01.15.01.02.01.01.15.01.1003.1010;TRGS 430;TRGS 430
Identical DE/EN;01.15.01.02.01.01.15.01.1003.1011;TRGS 500;TRGS 500
Identical DE/EN;01.15.01.02.01.01.15.01.1003.1012;TRGS 504;TRGS 504
Identical DE/EN;01.15.01.02.01.01.15.01.1003.1013;TRGS 505;TRGS 505
Identical DE/EN;01.15.01.02.01.01.15.01.1003.1014;TRGS 507;TRGS 507
Identical DE/EN;01.15.01.02.01.01.15.01.1003.1015;TRGS 509;TRGS 509
Identical DE/EN;01.15.01.02.01.01.15.01.1003.1016;TRGS 510;TRGS 510
Identical DE/EN;01.15.01.02.01.01.15.01.1003.1017;TRGS 511;TRGS 511
Identical DE/EN;01.15.01.02.01.01.15.01.1003.1018;TRGS 512;TRGS 512
Identical DE/EN;01.15.01.02.01.01.15.01.1003.1019;TRGS 513;TRGS 513
Identical DE/EN;01.15.01.02.01.01.15.01.1003.1020;TRGS 522;TRGS 522
Identical DE/EN;01.15.01.02.01.01.15.01.1003.1021;TRGS 526;TRGS 526
Identical DE/EN;01.15.01.02.01.01.15.01.1003.1022;TRGS 528;TRGS 528
Identical DE/EN;01.15.01.02.01.01.15.01.1003.1023;TRGS 552;TRGS 552
Identical DE/EN;01.15.01.02.01.01.15.01.1003.1024;TRGS 553;TRGS 553
Identical DE/EN;01.15.01.02.01.01.15.01.1003.1025;TRGS 557;TRGS 557
Identical DE/EN;01.15.01.02.01.01.15.01.1003.1026;TRGS 559;TRGS 559
Identical DE/EN;01.15.01.02.01.01.15.01.1003.1027;TRGS 560;TRGS 560
Identical DE/EN;01.15.01.02.01.01.15.01.1003.1028;TRGS 561;TRGS 561
Identical DE/EN;01.15.01.02.01.01.15.01.1003.1029;TRGS 611;TRGS 611
Identical DE/EN;01.15.01.02.01.01.15.01.1003.1030;TRGS 614;TRGS 614
Identical DE/EN;01.15.01.02.01.01.15.01.1003.1031;TRGS 615;TRGS 615
Identical DE/EN;01.15.01.02.01.01.15.01.1003.1032;TRGS 727;TRGS 727
Identical DE/EN;01.15.01.02.01.01.15.01.1003.1033;TRGS 745/TRBS 3145;TRGS 745/TRBS 3145
Identical DE/EN;01.15.01.02.01.01.15.01.1003.1034;TRGS 746/TRBS 3146;TRGS 746/TRBS 3146
Identical DE/EN;01.15.01.02.01.01.15.01.1003.1037;TRGS 905;TRGS 905
Identical DE/EN;01.15.01.02.01.01.15.01.1008;Altöl-Verordnung (AltölV);Altöl-Verordnung (AltölV)
Identical DE/EN;01.15.01.02.01.01.15.01.1010;Betriebssicherheitsverordnung (BetrSichV);Betriebssicherheitsverordnung (BetrSichV)
Extreme Length Difference;01.15.01.02.01.1000.1002;No. 53;Labeling: Journal of Laws of 2009
Extreme Length Difference;01.15.01.02.01.1000.1003;No. 171;Classification: Journal of Laws of 2003
Extreme Length Difference;01.15.01.02.01.1000.1004;No. 128;Packaging: Journal of Laws of 2004
Extreme Length Difference;01.15.01.02.01.1000.1005.1001;No. 62;Act of 27 April 2001 on the Environmental Protection Law (Journal of Laws of 2001
Extreme Length Difference;01.15.01.02.01.1000.1005.1002;item 638;Act of 11th May 2001 on packaging and packaging waste (J. of L. No. 63
Extreme Length Difference;01.15.01.02.01.1000.1005.1003;No. 112;Regulation of the Minister of the Environment of 27 September 2001 on the waste catalogue (Journal of Laws of 2001
Extreme Length Difference;01.15.01.02.01.1000.1005.1004;No. 62 item 628;Law of 27 April 2001 on Waste Management (Journal of Laws of 2001
Extreme Length Difference;01.15.01.02.01.1000.1006;No. 199;Law of 28 October 2002 on road transport of dangerous goods (Journal of Laws of 2002
Extreme Length Difference;01.15.01.02.01.1000.1007;No. 168;Trade bans: Journal of Laws 2004
Extreme Length Difference;01.15.01.02.01.1001.01.1000;commercial hazardous waste shall be delivered to a disposal company.;In Switzerland
Identical DE/EN;01.15.01.02.02.01.01.1001;EINECS/ELINCS;EINECS/ELINCS
Identical DE/EN;01.15.01.02.02.01.01.1002;REACH;REACH
Identical DE/EN;01.15.01.02.02.01.01.1006;ENCS/ISHL;ENCS/ISHL
Identical DE/EN;01.15.01.02.02.01.01.1009;K-REACH;K-REACH
Identical DE/EN;01.15.01.02.02.01.01.1010;PICCS;PICCS
Identical DE/EN;01.15.01.02.02.01.01.1011;IECSC;IECSC
Identical DE/EN;01.15.01.02.02.01.01.1012;NZIoC;NZIoC
Identical DE/EN;01.15.01.02.02.01.01.1016;EHSNR;EHSNR
Identical DE/EN;01.15.01.02.02.01.01.1017;VNECI;VNECI
Identical DE/EN;01.15.01.02.02.01.01.1018;KKDIK;KKDIK
Identical DE/EN;01.15.01.02.02.01.01.1020;UK-REACH;UK-REACH
Extreme Length Difference;02.02.01.01.02.11.1000;Category 2;Target organ toxicity (repeated exposure)
Extreme Length Difference;02.02.02.03.00.02.1000;read and follow all safety instructions before use.;Obtain
Extreme Length Difference;02.15.01.2000;Das Gemisch enthält Stoffe;The mixture contains substances that are subject to the Montreal Protocol on Substances that Deplete the Ozone Layer.
Extreme Length Difference;02.15.01.4000;Das Gemisch enthält Stoffe;The mixture contains substances that are subject to the Stockholm Convention on Persistent Organic Pollutants.
Extreme Length Difference;02.15.01.8000;Das Gemisch enthält Stoffe;The mixture contains substances that are subject to Basel Convention on the Control of Transboundary Movements of Hazardous Wastes and their Disposal.
Identical DE/EN;03.02.02.02.02.01.;New Jersey (NJ);New Jersey (NJ)
Extreme Length Difference;03.02.03.;Gefahren;Hazards not otherwise classified (HNOC)
Identical DE/EN;03.08.01.01.01.1001;OSHA PEL;OSHA PEL
Identical DE/EN;03.08.01.01.01.1002;ACGIH TLV;ACGIH TLV
Identical DE/EN;03.08.01.01.01.1003;NIOSH REL;NIOSH REL
Identical DE/EN;03.08.01.01.01.1004;Cal/OSHA PEL;Cal/OSHA PEL
Identical DE/EN;03.08.01.01.04.1001.00.1007;mppcf;mppcf
Identical DE/EN;03.08.01.02.01.1001;AIHA WEEL;AIHA WEEL
Identical DE/EN;03.08.01.02.01.1002;DOE TEEL;DOE TEEL
Identical DE/EN;03.08.01.03.01.1001;ACGIH BEI;ACGIH BEI
Identical DE/EN;03.11.01.01.03.01.;ACGIH;ACGIH
Identical DE/EN;03.11.01.01.03.03.;NTP RoC;NTP RoC
Identical DE/EN;03.11.01.01.03.04.01.03.1001;listed;Listed
Extreme Length Difference;03.13.01.02.;Kontaminierte Verpackungen sind restlos zu entlee ren, und können nach entsprechender Reinigung wiederverwendet werden.;Contaminated packaging
Identical DE/EN;03.15.01.01.01.;Toxic Substances Control Act (TSCA);Toxic Substances Control Act (TSCA)
Extreme Length Difference;03.15.01.01.01.02.00.1003.;LoREX);Low Volume Exemption (LVE
Identical DE/EN;03.15.01.01.02.03.06.00.01.;Final RQ;Final RQ
Identical DE/EN;03.15.01.01.02.04.05.;CERCLA RQ;CERCLA RQ
Identical DE/EN;03.15.01.01.02.04.07.;RCRA Code;RCRA Code
Identical DE/EN;03.15.01.01.02.04.08.;CAA 112(r) TQ;CAA 112(r) TQ
Identical DE/EN;03.15.01.02.03.03.;PC Code;PC Code
Identical DE/EN;03.15.01.02.05.01.;Controlled Substances List;Controlled Substances List
Extreme Length Difference;03.15.02.02.01.01.;Title 8;Directors List of Hazardous Substances (§339
Identical DE/EN;03.15.02.02.03.;Pennsylvania (PA);Pennsylvania (PA)
Identical DE/EN;03.15.02.02.04.;Illinois (IL);Illinois (IL)
Identical DE/EN;03.15.02.02.05.;Louisiana (LA);Louisiana (LA)
Identical DE/EN;03.15.02.02.06.;Massachusetts (MA);Massachusetts (MA)
Identical DE/EN;03.15.02.02.07.;Minnesota (MN);Minnesota (MN)
Identical DE/EN;03.15.02.02.08.;Rhode Island (RI);Rhode Island (RI)
Extreme Length Difference;03.16.01.01.1008;allows chemicals to burn without an air supply;Oxidizer
Extreme Length Difference;03.16.02.01.1005;major or permanent damage may result from single or repeated overexposures;Life-threatening
Extreme Length Difference;03.16.02.02.1002;Materialien;Materials that must be preheated before ignition will occur
Extreme Length Difference;03.16.02.02.1003;Materialien;Materials which must be moderately heated or exposed to high ambient temperatures before ignition will occur
Extreme Length Difference;03.16.02.02.1004;Materialien;Materials capable of ignition under almost all normal temperature conditions
Extreme Length Difference;03.16.02.03.1002;Materialien;Materials that are normally stable but can become unstable (self-react) at high temperatures and pressures. Materials may react non-violently with water or undergo hazardous polymerization in the absence of inhibitors
Extreme Length Difference;03.16.02.03.1003;Materialien;Materials that are unstable and may undergo violent chemical changes at normal temperature and pressure with low risk for explosion. Materials may react violently with water or form peroxides upon exposure to air
Extreme Length Difference;03.16.02.03.1004;decompose;Materials that may form explosive mixtures with water and are capable of detonation or explosive reaction in the presence of a strong initiating source. Materials may polymerize
Extreme Length Difference;07.01.01.04.00.1023.1001;Industrielle Verwendung von Prozesshilfsmitteln, die nicht Teil eines Erzeugnisses werden;Industrial uses
Extreme Length Difference;07.01.01.04.01.1008;education;Professional uses: Public domain (administration
Extreme Length Difference;07.01.01.05.01.1002;continuous process with occasional controlled exposure;Use in closed
Extreme Length Difference;07.01.01.05.01.1008;compression;Production of preparations or articles by tabletting
Extreme Length Difference;07.01.01.06.02.1006;rubbers;Industrial use of process regulators for polymerisation processes in production of resins
Identical DE/EN;07.01.01.07.00.1000;ACEA SPERC 4.2.a.v4;ACEA SPERC 4.2.a.v4
Identical DE/EN;07.01.01.07.00.2000;ACEA SPERC 4.2.b.v4;ACEA SPERC 4.2.b.v4
Identical DE/EN;07.01.01.07.00.3000;ACEA SPERC 5.2.b.v4;ACEA SPERC 5.2.b.v4
Identical DE/EN;07.01.01.07.00.4000;ACEA SPERC 4.1.a.v4;ACEA SPERC 4.1.a.v4
Identical DE/EN;07.01.01.07.00.5000;ACEA SPERC 4.1.b.v4;ACEA SPERC 4.1.b.v4
Identical DE/EN;07.01.01.07.00.6000;ACEA SPERC 4.1.c.v4;ACEA SPERC 4.1.c.v4
Identical DE/EN;07.01.01.07.00.7000;ACEA SPERC 5.1.a.v4;ACEA SPERC 5.1.a.v4
Identical DE/EN;07.01.01.07.00.8000;ACEA SPERC 5.1.b.v4;ACEA SPERC 5.1.b.v4
Identical DE/EN;07.01.01.07.00.9000;ACEA SPERC 12a.1.b.v4;ACEA SPERC 12a.1.b.v4
Extreme Length Difference;07.01.01.07.01.48000;gel);DRAIN PRODUCTS (powder
Extreme Length Difference;07.01.01.07.01.55000;liquid;MACHINE DISHWASHING (powder
Extreme Length Difference;07.01.01.10.01.01.1001;continuous action (solid and liquid);Air care
Extreme Length Difference;07.01.01.10.01.01.1011;trigger sprays (all purpose cleaners;Cleaners
Extreme Length Difference;07.01.01.10.01.01.2018;tile glue;Subcategory: Glues DIY-use (carpet glue
Extreme Length Difference;07.01.01.10.01.01.2033;glue-;Subcategory: Removers (paint-
Extreme Length Difference;07.01.01.11.00.1003;Andere Fahrzeuge: Schienenfahrzeuge, Luftfahrzeug e, Wasserfahrzeuge, Boote, Lastkraftwagen und zugehörige Transportausrüstu;Other vehicles
Extreme Length Difference;07.01.01.11.01.1009;textiles and apparel: curtains;Fabrics
Extreme Length Difference;07.01.01.11.03.01.1045;outdoor equipment;Toys
Extreme Length Difference;07.01.01.11.03.01.1046;ceramic;Constructional articles and building material for indoor use: wall construction material
Extreme Length Difference;07.01.01.11.03.01.1047;road surface material;Constructional articles and building material for outdoor use: wall construction material
Extreme Length Difference;07.02.01.35000;Use in Oil and Gas field drilling and production operations;GEST5_P
Extreme Length Difference;07.02.01.36000;Metal working fluids / rolling oils;GEST7_P
Identical DE/EN;07.02.10.01.03.01.3000;Aerosol;aerosol
Extreme Length Difference;07.02.10.01.04.;Verwendete Mengen gesamt oder pro Zeiteinheit beg renzen.;Amounts used
Identical DE/EN;07.02.10.01.04.01.1005;L/min;L/min
Identical DE/EN;07.02.10.01.04.01.1007;kg/ha;kg/ha
Extreme Length Difference;07.02.10.01.11.01.26013;oil skimmers;Assumes no free product in wastewater stream oil-water separation (e.g. via oil water separators
Extreme Length Difference;07.02.10.01.14.00.34008;thermal oxidation);Vapour recovery (e.g. adsorption) or other technique for reducing volatiles emissions (incineration
Identical DE/EN;07.02.10.01.14.00.4000;Sedimentation;Sedimentation
Identical DE/EN;07.02.10.01.14.00.7001;Biofiltration;Biofiltration
Extreme Length Difference;07.02.10.02.01.1032;pastels;Hand application - fingerpaints
Extreme Length Difference;07.02.10.02.01.31000;dipping;Ad hoc manual application via trigger sprays
Extreme Length Difference;07.02.10.02.04.00.129000;such as refuelling of vehicles).;Ensure that the handling reduces contact between product and adjacent air (e.g. transfer of liquid through a small filling opening
Extreme Length Difference;07.02.10.02.04.00.7000;e.g. spraying.;Other skin protection measures such as impervious suits and face shields may be required during high dispersion activities which are likely to lead to substantial aerosol release
Extreme Length Difference;07.02.10.02.05.01.21000;animal pellets.;Low dustiness: Handling the product does not result in a visible dust cloud. For example
Extreme Length Difference;07.02.10.02.05.01.22000;sand.;Medium dustiness: Handling the product in its dry form results in a dust cloud that settles quickly due to gravity. For example
Extreme Length Difference;07.02.10.02.05.01.23000;talcum powder.;High dustiness: Handling the product in its dry form results in a dust cloud that is clearly visible for some time. For example
Extreme Length Difference;07.02.10.02.05.04.1000;7 and 8.;Operational Conditions and Risk Management Measures addressing physical-chemical hazards can be found in sections 2 (P statements)
Extreme Length Difference;07.02.10.02.05.04.2000;10 and 15.;Supporting information may also be found in sections 6
Identical DE/EN;07.02.10.02.07.02.01.1008;min/h;min/h
Extreme Length Difference;07.02.10.02.08.2000;scraping paint).;Covers manual handling of wood resulting in a limited amount of dust (e.g. manual sawing
Extreme Length Difference;07.02.10.02.08.3000;chainsaw;Covers mechanical handling of wood resulting in a limited amount of dust (e.g. planner
Extreme Length Difference;07.02.11.02.01.46008;towels;Clothing (all kind of materials)
Extreme Length Difference;07.02.12.02.2000;RCRs > 1);If scaling reveals a condition of unsafe use (i.e.
Extreme Length Difference;07.02.13.1000;material transfers;Use of substance as an intermediate (not related to Strictly Controlled Conditions). Includes recycling/recovery
Extreme Length Difference;07.02.13.11000;application;Covers the consumer use of formulated lubricants in closed and open systems including transfer operations
Extreme Length Difference;07.02.13.18000;use;Covers the use as a fuel (or fuel additive) and includes activities associated with its transfer
Extreme Length Difference;07.02.13.21000;material transfers;Manufacture of the substance or use as a process chemical or extraction agent within closed or contained systems. Includes incidental exposures during recycling/ recovery
Extreme Length Difference;07.02.13.23000;material transfers;Use of substance as an intermediate within closed or contained systems (not related to Strictly Controlled Conditions). Includes incidental exposures during recycling/ recovery
Extreme Length Difference;07.02.13.5000;brushing;"Covers the use as a component of cleaning products including pouring/unloading from drums or containers; and exposures during mixing/diluting in the preparatory phase and cleaning activities (including spraying"
Extreme Length Difference;07.02.13.50000;material transfers;Manufacture of the substance or use as a process chemical or extraction agent. Includes recycling/ recovery
Extreme Length Difference;07.02.13.59000;hydraulic fluids;Use of sealed items containing functional fluids e.g. transfer oils
Extreme Length Difference;07.02.13.6000;aerosols;Covers general exposures to consumers arising from the use of household products sold as washing and cleaning products
Extreme Length Difference;07.02.13.7000;on-site formulation;Oil field well drilling and production operations (including drilling muds and well cleaning) including material transfers
Extreme Length Difference;07.02.13.8000;on-site formulation;Oil field well drilling operations (including drilling muds and well cleaning) including material transfers
Extreme Length Difference;08.02.;ERKLÄRUNG;DECLARATION THAT RISK MANAGEMENT MEASURES ARE IMPLEMENTED
Extreme Length Difference;08.03.;ERKLÄRUNG;DECLARATION THAT RISK MANAGEMENT MEASURES ARE COMMUNICATED
Extreme Length Difference;08.09.02.;gas);Flammability (solid
Identical DE/EN;09.02.1004;mm Hg;mm Hg
Identical DE/EN;09.02.1011;N/cm²;N/cm²
Identical DE/EN;09.02.1012;N/mm²;N/mm²
Identical DE/EN;09.02.1013;mm H2O;mm H2O
Identical DE/EN;09.02.1015;hPa/s;hPa/s
Identical DE/EN;09.02.1016;kPa/s;kPa/s
Identical DE/EN;09.03.1003;mg/cm³;mg/cm³
Identical DE/EN;09.03.1005;µg/cm³;µg/cm³
Identical DE/EN;09.03.1006;µg/mL;µg/mL
Identical DE/EN;09.03.1007;ng/cm³;ng/cm³
Identical DE/EN;09.03.1008;ng/mL;ng/mL
Identical DE/EN;09.03.1010;mg/dm³;mg/dm³
Identical DE/EN;09.03.1012;g/dm³;g/dm³
Identical DE/EN;09.03.1014;kg/dm³;kg/dm³
Identical DE/EN;09.04.1011;ng/mg;ng/mg
Identical DE/EN;09.04.1012;µg/mg;µg/mg
Identical DE/EN;09.04.1013;mg/mg;mg/mg
Identical DE/EN;09.04.1018;µg/kg;µg/kg
Identical DE/EN;09.04.1033;ng/mmol;ng/mmol
Identical DE/EN;09.04.1034;µg/mmol;µg/mmol
Identical DE/EN;09.04.1035;mg/mmol;mg/mmol
Identical DE/EN;09.04.1036;ng/mol;ng/mol
Identical DE/EN;09.04.1037;µg/mol;µg/mol
Identical DE/EN;09.04.1038;mg/mol;mg/mol
Identical DE/EN;09.04.1041;L/mol;L/mol
Identical DE/EN;09.04.1042;µg/dL;µg/dL
Identical DE/EN;09.04.1043;µL/mL;µL/mL
Identical DE/EN;09.04.1044;mL/mL;mL/mL
Identical DE/EN;09.04.1051;µL/mg;µL/mg
Identical DE/EN;09.04.1052;mL/mg;mL/mg
Identical DE/EN;09.04.1055;µL/kg;µL/kg
Identical DE/EN;09.04.1056;mL/kg;mL/kg
Identical DE/EN;09.04.1058;µL/mmol;µL/mmol
Identical DE/EN;09.04.1059;mL/mmol;mL/mmol
Identical DE/EN;09.04.1060;µL/mol;µL/mol
Identical DE/EN;09.04.1061;mL/mol;mL/mol
Identical DE/EN;09.04.1062;mmol/mL;mmol/mL
Identical DE/EN;09.04.1063;mmol/L;mmol/L
Identical DE/EN;09.04.1064;mmol/m³;mmol/m³
Identical DE/EN;09.04.1065;mmol/mg;mmol/mg
Identical DE/EN;09.04.1066;mmol/g;mmol/g
Identical DE/EN;09.04.1067;mmol/kg;mmol/kg
Identical DE/EN;09.04.1068;mmol/mmol;mmol/mmol
Identical DE/EN;09.04.1069;mmol/mol;mmol/mol
Identical DE/EN;09.04.1070;mol/mL;mol/mL
Identical DE/EN;09.04.1071;mol/L;mol/L
Identical DE/EN;09.04.1072;mol/m³;mol/m³
Identical DE/EN;09.04.1073;mol/mg;mol/mg
Identical DE/EN;09.04.1074;mol/g;mol/g
Identical DE/EN;09.04.1075;mol/kg;mol/kg
Identical DE/EN;09.04.1076;mol/mmol;mol/mmol
Identical DE/EN;09.04.1077;mol/mol;mol/mol
Identical DE/EN;09.04.1083;U/mmol;U/mmol
Identical DE/EN;09.04.1084;U/mol;U/mol
Identical DE/EN;09.04.1085;mg O2/g;mg O2/g
Identical DE/EN;09.04.1086;mg*O2/L;mg*O2/L
Identical DE/EN;09.04.1087;g O2/g;g O2/g
Identical DE/EN;09.04.1088;g*O2/L;g*O2/L
Identical DE/EN;09.04.1089;mg C/g;mg C/g
Identical DE/EN;09.04.1090;mg C/L;mg C/L
Identical DE/EN;09.04.1091;mg KOH/g;mg KOH/g
Identical DE/EN;09.04.1102;µmol/L;µmol/L
Identical DE/EN;09.04.1103;µmol/mol;µmol/mol
Identical DE/EN;09.04.1104;nmol/L;nmol/L
Identical DE/EN;09.04.1109;mg Cl/L;mg Cl/L
Identical DE/EN;09.04.1110;mg/dm²;mg/dm²
Identical DE/EN;09.05.1010;cm2/s;cm2/s
Identical DE/EN;09.11.1002;mm/min;mm/min
Identical DE/EN;09.11.1007;cm/min;cm/min
Identical DE/EN;09.11.1011;m/min;m/min
Identical DE/EN;09.11.1016;g/L*s;g/L*s
Identical DE/EN;09.11.1017;mol/L*s;mol/L*s
Identical DE/EN;09.12.1002;mg/min;mg/min
Identical DE/EN;09.12.1005;g/min;g/min
Identical DE/EN;09.12.1011;t/min;t/min
Identical DE/EN;09.13.2000;mL/min;mL/min
Identical DE/EN;09.13.4000;cm³/s;cm³/s
Identical DE/EN;09.13.5000;cm³/min;cm³/min
Identical DE/EN;09.13.6000;cm³/h;cm³/h
Identical DE/EN;09.13.9000;m³/min;m³/min
Identical DE/EN;09.14.1008;J/mol;J/mol
Identical DE/EN;09.14.1010;kJ/mol;kJ/mol
Identical DE/EN;09.14.1011;kJ/kg;kJ/kg
Identical DE/EN;09.14.1012;cal/mol;cal/mol
Identical DE/EN;09.14.1013;cal/kg;cal/kg
Identical DE/EN;09.14.1014;kcal/mol;kcal/mol
Identical DE/EN;09.14.1015;kcal/kg;kcal/kg
Identical DE/EN;09.14.1016;cal/mol*K;cal/mol*K
Identical DE/EN;09.15.1025;dyn/cm;dyn/cm
Identical DE/EN;09.15.1026;cm³/g;cm³/g
Identical DE/EN;09.15.1027;bar*m/s;bar*m/s
Identical DE/EN;09.15.1029;L/kg*s;L/kg*s
Identical DE/EN;09.15.1032;kg/s*m²;kg/s*m²
Identical DE/EN;09.15.1033;1/mol*s;1/mol*s
Identical DE/EN;09.15.1040;mS/cm;mS/cm
Identical DE/EN;09.15.1041;µS/cm;µS/cm
Identical DE/EN;09.18.1001;Pa*m3/mol;Pa*m3/mol
Identical DE/EN;7088;Adsorption;adsorption
Identical DE/EN;7168;Monomer;monomer
Identical DE/EN;7190;Polymer;polymer
Identical DE/EN;7197;REACH;REACH
Identical DE/EN;7205;Registrant;registrant
Identical DE/EN;7216;Simplified Molecular Input Line Entry System;Simplified Molecular Input Line Entry System
Identical DE/EN;7417;BMD10;BMD10
Identical DE/EN;7418;BMDL10;BMDL10
Identical DE/EN;7432;Chemical Abstracts Service;Chemical Abstracts Service
Identical DE/EN;7474;IR/CSA;IR/CSA
Identical DE/EN;7480;Isomer;isomer
Identical DE/EN;7492;REACH-IT;REACH-IT
Identical DE/EN;7510;Legal Entity Object;Legal Entity Object
Identical DE/EN;7573;Aspiration;aspiration
Identical DE/EN;7584;ErC50;ErC50
Extreme Length Difference;7596;Kennzeichnungsetikett;label
Identical DE/EN;7602;mutagen;mutagen
Identical DE/EN;7603;Mutation;mutation
Identical DE/EN;7629;Symbol;symbol
Identical DE/EN;9793;Nanomaterial;nanomaterial
Identical DE/EN;10018;CTPHT;CTPHT
Identical DE/EN;10040;2-Methoxyethanol;2-methoxyethanol
Identical DE/EN;10041;2-Ethoxyethanol;2-ethoxyethanol
Identical DE/EN;10047;DHNUP;DHNUP
Identical DE/EN;10697;Fact Sheet;fact sheet
Extreme Length Difference;10710;Nutzerhandbuch für die Industrie Teil 1 – Erste Schritte mit REACH-IT;IUM
Identical DE/EN;10723;Forum;Forum
Extreme Length Difference;10746;Einstufung, Kennzeichnung und Verpackung;CLP
Identical DE/EN;10783;Helpdesk;Helpdesk
Extreme Length Difference;10797;β-TGIC;1,3,5-tris[(2S and 2R)-2,3-epoxypropyl]-1,3,5-triazine-2,4,6-(1H,3H,5H)-trione
Identical DE/EN;10799;TEGDME;TEGDME
Identical DE/EN;10804;EGDME;EGDME
Identical DE/EN;10807;4-(1,1,3,3-Tetramethylbutyl)phenol;4-(1,1,3,3-tetramethylbutyl)phenol
Identical DE/EN;10809;Phenolphthalein;phenolphthalein
Identical DE/EN;10823;DEGDME;DEGDME
Identical DE/EN;10870;HelpNet Exchange;HelpNet Exchange
Identical DE/EN;10872;ODYSSEY;Odyssey
Identical DE/EN;10938;DecaBDE;DecaBDE
Identical DE/EN;10939;Cadmium;cadmium
Extreme Length Difference;10942;cis-Cyclohexan-1,2-dicarbonsäureanhydrid;cis-HHPA
Extreme Length Difference;10943;trans-Cyclohexan-1,2-dicarbonsäureanhydrid;trans-HHPA
Extreme Length Difference;10948;DMS;dimethyl sulphate
Identical DE/EN;10949;Dinoseb (6-sec-Butyl-2,4-dinitrophenol);dinoseb (6-sec-butyl-2,4-dinitrophenol)
Identical DE/EN;10953;Furan;furan
Identical DE/EN;10956;MHHPA;MHHPA
Extreme Length Difference;10967;Methoxyessigsäure;MAA
Extreme Length Difference;10974;1-Amino-2-methylbenzol  2-Methylanilin               2-Methylbenzolamin;o-toluidine
Extreme Length Difference;21502;Einrichten von Sperren;bund
Identical DE/EN;21512;H-Code;H-code
Extreme Length Difference;21516;Octanol/Wasser-Verteilungskoeffizient;log Kow
Identical DE/EN;21604;Biomonitoring;biomonitoring
Identical DE/EN;21610;Desorption;desorption
Identical DE/EN;21615;Interpolation;interpolation
Extreme Length Difference;21618;numerische Identifikation;CAS RN
Identical DE/EN;21634;Nanoform;nanoform
Identical DE/EN;21638;ECHA Cloud;ECHA cloud
Identical DE/EN;21639;IUCLID Cloud;IUCLID cloud
Identical DE/EN;21642;IUCLID 6 Desktop;IUCLID 6 desktop
Identical DE/EN;21643;IUCLID 6 Server;IUCLID 6 server
Extreme Length Difference;;1.2. Relevante identifizierte Verwendungen des Stoffs oder Gemischs und Verwendungen, von denen;Skin Sens. 1A /
Extreme Length Difference;;1.3. Einzelheiten zum Lieferanten, der das Sicherheitsdatenblatt bereitstellt:;Skin Corr. 1A /
Extreme Length Difference;;2.1. Einstufung des Stoffs oder Gemischs CLP Nr. 1272/2008.;Expl. 1.1 /
Extreme Length Difference;;2.2. Kennzeichnungselemente CLP Nr. 1272/2008.;STOT SE 1 /
Extreme Length Difference;;9.1. Angaben zu den grundlegenden physikalischen und chemischen Eigenschaften.;STOT RE 2 /
Extreme Length Difference;;1.2. Relevante identifizierte Verwendungen des Stoffs oder Gemischs und Verwendungen, von denen;Skin Sens. 1 /
Extreme Length Difference;;2.1. Einstufung des Stoffs oder Gemischs CLP Nr. 1272/2008.;Eye Irrit. 2 /
Extreme Length Difference;;9.1. Angaben zu den grundlegenden physikalischen und chemischen Eigenschaften.;Skin Irrit. 2 /
Identical DE/EN;;E-Mail:;E-mail:
Identical DE/EN;;Website:;Website:
Extreme Length Difference;;Name;14.2. UN proper shipping name
Extreme Length Difference;P270;Bei der Arbeit nicht essen, trinken oder rauchen;P270
Extreme Length Difference;P223;Kontakt mit Wasser wegen heftiger Reaktion und möglichem Brand verhindern;P223
Extreme Length Difference;H334;Kann bei Einatmen Allergie, asthmaartige Symptome oder Atembeschwerden verursachen;H317
Extreme Length Difference;P411;Bei Temperaturen nicht über ... °C lagern;Storage
Extreme Length Difference;P302;BEI HAUTKONTAKT:;+ IF ON SKIN: Brush off Pyrophoric solids (Section 1 — text in square brackets
Extreme Length Difference;H400;Sehr giftig für Wasserorganismen;H410
Extreme Length Difference;P201;Vor Gebrauch besondere Anweisungen einholen;P201
Extreme Length Difference;P243;Maßnahmen gegen elektrostatische Entladung treffen;P243 P243
Extreme Length Difference;P413;Schüttgut bei mehr als ... kg bei Temperaturen nicht über ... °C lagern;Statement Storage
Extreme Length Difference;P263;Berührung während der Schwangerschaft vermeiden;P263
Extreme Length Difference;H413;Kann für Wasserorganismen schädlich sein, mit langfristiger Wirkung;H413
Identical DE/EN;H271;"GHS03 H271 Skin Corr. 1A; T3";"GHS03 H271 Skin Corr. 1A; T3"
Extreme Length Difference;P202;Vor Gebrauch alle Sicherheitshinweise lesen und verstehen;P202
Extreme Length Difference;H314;Verursacht schwere Verbrennungen der Haut und Augenschäden;Skin Corr. 1A
Extreme Length Difference;P280;Schutzhandschuhe/Schutzkleidung/Augenschutz/Gesichtsschutz tragen;Prevention P280
Extreme Length Difference;P332;Bei Hautreizung:;+ If skin irritation occurs: Get Skin irritation (Section 3.2) 2 — may be omitted when
Extreme Length Difference;P360;Kontaminierte Kleidung und Haut sofort mit viel Wasser abwaschen und dann Kleidung ausziehen;Precautionary
Extreme Length Difference;H410;Sehr giftig für Wasserorganismen, mit langfristiger Wirkung;"STOT RE 1;"
Extreme Length Difference;P241;Explosionsgeschützte elektrische Geräte/Lüftungsanlagen/Beleuchtung verwenden;P241 P241
Extreme Length Difference;P380;+ men. Wegen Explosions­ und Gemische (Abschnitt mern ist zu verwenden,;+ P375[+ Language
Extreme Length Difference;P321;Besondere Behandlung (siehe Hinweise auf diesem Kennzeichnungsetikett);P321 P321 P321
Extreme Length Difference;P304;BEI EINATMEN:;+ IF INHALED: Remove Acute toxicity — inhalation 1, 2, 3, 4
Extreme Length Difference;P310;Sofort GIFTINFORMATIONSZENTRUM/Arzt anrufen;P321
Extreme Length Difference;P340;Betroffene Person an die frische Luft bringen und in einer Position ruhigstellen, die das Atmen erleichtert;Statement
Identical DE/EN;;Propan‑1‑ol;propan‑1‑ol
Identical DE/EN;;Flam. Liq. 2 (H225);Flam. Liq. 2 (H225)
Identical DE/EN;;Eye Dam. 1 (H318);Eye Dam. 1 (H318)
Identical DE/EN;;LD50 oral:;LD50 Oral:
Identical DE/EN;;LD50 dermal:;LD50 Dermal:
Identical DE/EN;;Acute Tox. 4 (H302);Acute Tox. 4 (H302)
Identical DE/EN;;Eye Irrit. 2 (H319);Eye Irrit. 2 (H319)
Identical DE/EN;;Skin Irrit. 2 (H315);Skin Irrit. 2 (H315)
