created,request_id,endpoint,request_type,filename,pages,status,cost_cents,cached,quality_score
2026-04-21T10:29:20.518797+00:00,hG1Zfjm4NCuilECKpqVJpA,pipeline,marker_high_accuracy,SDS_Venor_Mycoplasma_Extraction__Binding_Buffer_56-3xxx_en_DE_Ver.04.pdf,9,success,5.0000,false,4.44
2026-04-21T10:28:26.335380+00:00,6uyENVEatuaJMpeazHiMog,pipeline,marker_high_accuracy,SDS_Venor_GeM_Sample_Preparation_Kit_Buffer_A1_56-1xxx_en_US_Ver.04.pdf,8,success,4.0000,false,4.62
2026-04-21T10:27:44.673706+00:00,5AI4tLN9dN3mjq5CJv3nrw,pipeline,marker_high_accuracy,SDS_Venor_GeM_Sample_Preparation_Kit_Binding_Buffer_56-1xxx_en_DE_Ver.04.pdf,9,success,5.0000,false,4.67
2026-04-21T10:27:17.634544+00:00,ZXInk-zvA-CW0NlepCBCqg,pipeline,marker_high_accuracy,SDS_SwabUp_Lab_Monitoring_Buffer_SW1_181-00xx_en_DE_Ver.02.pdf,8,success,4.0000,false,4.88
2026-04-21T10:26:33.736538+00:00,3GlOarp8QtK_t1CcPskmkw,pipeline,marker_high_accuracy,SDS_SwabUp_Lab_Monitoring_Binding_Buffer_181-00xx_en_DE_Ver.02.pdf,9,success,5.0000,false,4.67
2026-04-21T10:26:08.531407+00:00,Z8RylGl9QQHF3dFmAkk4-g,pipeline,marker_high_accuracy,SDS_Proteinase_K_56-0002_en_DE_Ver.05.pdf,8,success,4.0000,false,4.75
2026-04-21T10:25:41.222822+00:00,nN29O9smWC0l1eRYmsTkhg,pipeline,marker_high_accuracy,SDS_PCR_Clean_Wipes_15-2xxx_en_DE_Ver.04.pdf,9,success,5.0000,false,4.56
2026-04-21T10:25:16.081674+00:00,pQ22uh7f1-3CmyGKQK0qTQ,pipeline,marker_high_accuracy,SDS_PCR_Clean_Spray_15-2xxx_en_US_Ver.02.pdf,7,success,4.0000,false,4.86
2026-04-21T10:24:50.744736+00:00,BrSMECeFwkIZqb0CYLboUw,pipeline,marker_high_accuracy,SDS_PCR_Clean_Spray_15-2xxx_en_DE_Ver.02.pdf,8,success,4.0000,false,4.50
2026-04-21T10:24:09.130561+00:00,o-3mEnlTpD5jZgFFGuA65w,pipeline,marker_high_accuracy,SDS_NAT-MAT_Extraction__Wash_Buffer_2__58-0502_en_DE_Ver.01.pdf,8,success,4.0000,false,4.50
2026-04-21T10:23:11.627880+00:00,3P5qQ9Q2TdOG-kxSSXaQAQ,pipeline,marker_high_accuracy,SDS_NAT-MAT_Extraction__Wash_Buffer_1__58-0502_en_DE_Ver.02.pdf,9,success,5.0000,false,4.33
2026-04-21T10:22:14.232015+00:00,Wg5D-OedF42qCzcSgH6k7w,pipeline,marker_high_accuracy,SDS_NAT-MAT_Extraction__Proteinase_K_58-0502_en_DE_Ver.01.pdf,8,success,4.0000,false,4.62
2026-04-21T10:20:53.839396+00:00,WGj2KU5jbyMvu9nGCDSFcg,pipeline,marker_high_accuracy,SDS_NAT-MAT_Extraction__Lysis_Buffer_58-0502_en_DE_Ver.01.pdf,9,success,5.0000,false,4.11
2026-04-21T10:19:26.053118+00:00,5l5FAiBtcKQ5Ti1pYcnVWQ,pipeline,marker_high_accuracy,SDS_NAT-MAT_Extraction__Binding_Buffer_58-0502_en_DE_Ver.01.pdf,9,success,5.0000,false,4.67
2026-04-21T10:18:51.920564+00:00,J2rLA5qGAMTH4er-tGaXjg,pipeline,marker_high_accuracy,SDS_Mycoplasma_Off_Wipes_15-1xxx_en_DE_Ver.06.pdf,11,success,5.0000,false,4.70
2026-04-21T10:18:02.756831+00:00,_wnhGCj8yoV77ARUjGKD1w,pipeline,marker_high_accuracy,SDS_Mycoplasma_Off_15-5xxx_en_DE_Ver.05.pdf,11,success,5.0000,false,4.70
2026-04-21T10:17:35.294943+00:00,5bBJLwRGr6nhJgq6DFz9FA,pipeline,marker_high_accuracy,SDS_MiQuant_SP_Beads__Wash_Buffer_2__56-4xxx_en_DE_Ver.01.pdf,8,success,4.0000,false,4.75
2026-04-21T10:16:59.691221+00:00,J9hmmoxnKkPzUkyDpleEog,pipeline,marker_high_accuracy,SDS_MiQuant_SP_Beads__Wash_Buffer_1__56-4xxx_en_DE_Ver.02.pdf,9,success,5.0000,false,4.22
2026-04-21T10:16:09.400643+00:00,YKqx3QWmAQreCr7KeSeFNA,pipeline,marker_high_accuracy,SDS_MiQuant_SP_Beads__Proteinase_K__56-4xxx_en_DE_Ver.01.pdf,8,success,4.0000,false,4.62
2026-04-21T10:15:40.603579+00:00,3ifvndjzrCMLSsTDBNH-vQ,pipeline,marker_high_accuracy,SDS_MiQuant_SP_Beads__Lysis_Buffer__56-4xxx_en_DE_Ver.01.pdf,9,success,5.0000,false,4.56
2026-04-21T10:15:08.062933+00:00,XpH_ThjGR6aIw4e9TaqIBw,pipeline,marker_high_accuracy,SDS_MiQuant_SP_Beads__Binding_Buffer__56-4xxx_en_DE_Ver.01.pdf,9,success,5.0000,false,4.78
2026-04-21T10:14:37.994989+00:00,jx8rtAi0MqBkPnAPpfW7dw,pipeline,marker_high_accuracy,SDS_MiQuant_CART_Cell_dPCR_Lenti__Rehydration_Buffer_58-070x_en_DE_Ver.01.pdf,11,success,5.0000,false,4.90
2026-04-21T10:13:55.745521+00:00,XuB2tyUYYoQVXtyW3pDDDw,pipeline,marker_high_accuracy,SDS_LabClean_15-4100_en_DE_Ver.03.pdf,9,success,5.0000,false,4.78
2026-04-21T10:13:30.636692+00:00,2gXE_-73rGFbylJ7OCPfKg,pipeline,marker_high_accuracy,SDS_Funox_14-00xx_en_DE_Ver.01.pdf,6,success,3.0000,false,4.67
2026-04-21T10:13:00.327485+00:00,vJ-j4LT2WVBaIGYnQham4A,pipeline,marker_high_accuracy,SDS_ExtractNow_Sewage_Water_DNA_RNA_Kit_Washing_Buffer_C_612-1050_en_DE_Ver.01.pdf,8,success,4.0000,false,4.62
2026-04-21T10:12:18.433602+00:00,2a0N0F-JChD5CxPyxwFKMw,pipeline,marker_high_accuracy,SDS_ExtractNow_Sewage_Water_DNA_RNA_Kit_Proteinase_K_612-1050_en_DE_Ver.01.pdf,8,success,4.0000,false,4.75
2026-04-21T10:11:48.892617+00:00,3Sh7TDq0NhvlEbpt3xlWKA,pipeline,marker_high_accuracy,SDS_ExtractNow_Sewage_Water_DNA_RNA_Kit_Lysis_Buffer_E_612-1050_en_DE_Ver.01.pdf,8,success,4.0000,false,4.88
2026-04-21T10:11:24.721821+00:00,OfWZUkpITNTQMn3umZhCig,pipeline,marker_high_accuracy,SDS_ExtractNow_Sewage_Water_DNA_RNA_Kit_Enrichment_Reagent_A_612-1050_en_DE_Ver.01.pdf,7,success,4.0000,false,4.71
2026-04-21T10:10:56.201191+00:00,haHgC15i5hikm9i0D2GMMQ,pipeline,marker_high_accuracy,SDS_ExtractNow_Sewage_Water_DNA_RNA_Kit_Binding_Buffer_C_612-1050_en_DE_Ver.01.pdf,9,success,5.0000,false,4.78
2026-04-21T10:10:01.563715+00:00,G6FQWT94TgizZeqhN7H2UQ,pipeline,marker_high_accuracy,SDS_AquaScreen_FastExtract_Kit__Wash_Buffer_1_32-1xxx_en_DE_Ver.03.pdf,8,success,4.0000,false,4.75
2026-04-21T10:06:18.944601+00:00,sajXRxhiiVZZGZtPkiJ9Eg,pipeline,marker_high_accuracy,SDS_AquaScreen_FastExtract_Kit__Binding_Buffer_32-1xxx_en_DE_Ver.04.pdf,9,success,5.0000,false,4.44
2026-04-21T10:05:49.447233+00:00,lCUxxJ5Ko_GVkpl0AdwugQ,pipeline,marker_high_accuracy,SDS_PCR_Clean_Spray_15-2xxx_en_DE_Ver.02.pdf,8,success,4.0000,false,4.50
2026-04-21T10:05:23.881482+00:00,9V9UC50SsIKlWtl6WnEuCQ,pipeline,marker_high_accuracy,SDS_PCR_Clean_Spray_15-2xxx_en_DE_Ver.02.pdf,8,success,4.0000,false,4.38
2026-04-21T09:49:55.629728+00:00,sEizBXpb2kZzZs9jbrBppg,pipeline,pipeline,SDS_Proteinase_K_56-0002_en_DE_Ver.05.pdf,8,success,4.0000,false,
2026-04-21T07:45:44.247426+00:00,dHSAR89GBWD2gp7MJI-3VA,marker,marker,pdf_6c439f6f1ef648c4bfb438e048cabc20_SDS_SwabUp_Lab_Monitoring_Binding_Buffer_181-00xx_en_DE_Ver.02.pdf,9,success,3.0000,false,4.56
2026-04-20T08:21:20.226607+00:00,Vhf6qyxPd9ZV5FitEYdq6A,marker,marker,pdf_8eeab781c8f441ad9a4af916177ca393_SDS_NAT-MAT_Extraction__Proteinase_K_58-0502_en_US_Ver.01.pdf,8,success,3.0000,false,4.62
2026-04-19T23:23:04.583008+00:00,4JANujs19yDQIrwiLQBuqA,marker,marker,pdf_d38a021c535c45e5b40911ce18ffe279_translated_document_20260413.pdf,8,success,3.0000,false,4.62
2026-04-19T22:01:01.171616+00:00,vdo3y2GjwtWeINFz4jj4tA,marker,marker,pdf_8e46102ad2d6412e852ab87c2cbc0b82_SDS_NAT-MAT_Extraction__Lysis_Buffer_58-0502_en_DE_Ver.01.pdf,9,success,3.0000,false,4.78
2026-04-19T21:34:57.434253+00:00,2G2poKEL2_-cuFPitASJ4g,marker,marker,pdf_6936e4836f024e56921fdd45a00a9512_SDS_Mycoplasma_Off_15-5xxx_en_DE_Ver.05.pdf,11,success,4.0000,false,4.40
2026-04-19T21:22:05.489285+00:00,SwhhCqHtaPexClxheI5Xtw,marker,marker,pdf_f9b2201f9a764abea988d8d6844ab17d_Sdb_EU-REACH_MiQuant_SP_Beads_Proteinase_K__56-4010._56-4100_V1_en_DE_SDScomXMLChem.pdf,9,success,3.0000,false,4.56
2026-04-19T21:21:40.297129+00:00,dIOmddEMfaznrkSH2eGWKw,marker,marker,pdf_b4c57367fa5142928abf8b6e55a4e47e_Sdb_EU-REACH_MiQuant_Residual_DNA_dPCR_CHO_Rehydration_Buffer_58-0111_58-0112_V1_en_DE_SDScomXMLChem.pdf,11,success,4.0000,false,4.70
2026-04-19T20:05:05.005946+00:00,SrFsFHFctOVEx0N9b-Fuqg,marker,marker,pdf_e3279c90cc0146b1835b136f61082ba3_Sdb_EU-REACH_Cyclus_Bead_Extraction_Binding_Buffer__SMB95-6000_V1_en_DE_SDScomXMLChem.pdf,9,success,3.0000,false,4.67
2026-04-04T14:05:44.975386+00:00,N0qeCCfyA8b5PhPucFI6LQ,custom_pipeline,marker_high_accuracy,SDS_Mycoplasma_Off_15-5xxx_en_DE_Ver.05.pdf,11,success,5.0000,false,
2026-04-04T04:07:48.749873+00:00,h0P0tcZVWcZldECifrfFpg,convert,marker_high_accuracy,"Sdb_EU-REACH_ExtractNow™ Sewage Water DNA_RNA Kit, Proteinase K_612-1050_V1_en_FI_SDScomXMLChem.pdf",7,success,4.0000,false,4.43
2026-04-04T03:58:20.619110+00:00,PiQQHvQJPYuHj8M18RmN0g,convert,marker_high_accuracy,"Sdb_EU-REACH_WaterShield™_15-3015, 15-3020, 15-3050_V3_en_DE_SDScomXMLChem.pdf",10,success,5.0000,false,4.60
2026-04-01T19:52:00.834546+00:00,QcRzGVOl1uqGQP6dtpWv2g,custom_pipeline,marker_high_accuracy,SDS_Mycoplasma_Off_15-5xxx_en_DE_Ver.05.pdf,11,success,5.0000,false,
2026-04-01T01:57:28.325794+00:00,wa9-AGl7qKwVNBqZMOCf_g,custom_pipeline,marker_high_accuracy,SDS_Mycoplasma_Off_15-5xxx_en_DE_Ver.05.pdf,11,success,5.0000,false,
2026-03-31T22:00:35.524665+00:00,WuRRnxchpmaQ7385xbTGpA,custom_pipeline,marker_high_accuracy,SDS_Mycoplasma_Off_15-5xxx_en_DE_Ver.05.pdf,11,success,5.0000,false,
2026-03-30T00:15:00.907362+00:00,n1HAWWmzzxgX_hKHZA4xSg,marker_checkpoint_extraction_gen_schemas,marker_checkpoint_extraction_gen_schemas,,10,success,2.0000,false,
2026-03-29T22:57:24.746248+00:00,2NCmP6ZOeiOytoHVzuoB_A,convert,marker,SDS_Mycoplasma_Off_15-5xxx_en_DE_Ver.05.pdf,11,success,4.0000,false,4.80
2026-03-29T16:45:15.158553+00:00,zJR3b1Ckfz5HP8c_G7V5zw,convert,marker,SDS_Mycoplasma_Off_15-5xxx_en_DE_Ver.05.pdf,11,success,4.0000,false,4.70
2026-03-29T16:45:14.806541+00:00,tEzeg1AehJutdmP6KW_m7Q,convert,marker,SDS_Mycoplasma_Off_15-5xxx_en_DE_Ver.05.pdf,11,success,4.0000,false,4.70
2026-03-29T16:45:14.373744+00:00,iGobMdzAqE4CgFOiEQitig,convert,marker,SDS_Mycoplasma_Off_15-5xxx_en_DE_Ver.05.pdf,11,success,4.0000,false,4.60
2026-03-29T16:45:13.282570+00:00,eNG2dIFHLc_tQ8A9BYICNg,convert,marker,SDS_Mycoplasma_Off_15-5xxx_en_DE_Ver.05.pdf,11,success,4.0000,false,4.70
2026-03-29T16:45:07.177308+00:00,PjH03Je9PvuqdX2DA27h4g,convert,marker,SDS_Mycoplasma_Off_15-5xxx_en_DE_Ver.05.pdf,11,success,4.0000,false,4.70
2026-03-29T16:44:59.589726+00:00,OEUEZ0BT_i5KhHO-Am3wBA,convert,marker,SDS_Mycoplasma_Off_15-5xxx_en_DE_Ver.05.pdf,11,success,4.0000,false,4.70
2026-03-29T12:37:38.053252+00:00,76ynS-vuiB_bWRhfRnGU7w,convert,marker,SDS_Mycoplasma_Off_15-5xxx_en_DE_Ver.05.pdf,11,success,4.0000,false,4.80
2026-03-29T12:19:25.233326+00:00,18nPYb5TQwRNb919VnMS2Q,convert,marker,pdf_98b588c5fa1d037a_SDS_Mycoplasma_Off_15-5xxx_en_DE_Ver.05.pdf,11,success,4.0000,false,4.80
2026-03-29T12:15:29.976065+00:00,HBq-lJg2ujozgmAvRsiD-w,convert,marker,pdf_d1f44d3af1897a2c_SDS_Mycoplasma_Off_15-5xxx_en_DE_Ver.05.pdf,11,success,4.0000,false,4.70
2026-03-29T12:05:37.151685+00:00,50xVINkK3zCcE5_OjLI4JA,convert,marker,pdf_43a7864829b7b883_SDS_Mycoplasma_Off_15-5xxx_en_DE_Ver.05.pdf,11,success,4.0000,false,4.60
2026-03-29T11:22:27.622120+00:00,1JJMZ7Etkf2ZbkWdPzkPuw,convert,marker,pdf_d807078589f7bab8_SDS_Mycoplasma_Off_15-5xxx_en_DE_Ver.05.pdf,11,success,4.0000,false,4.60
2026-03-29T11:22:25.500129+00:00,dKmQCKbBjJmeY5M43OXHZQ,convert,marker,pdf_5f3c6b41fff6e54b_SDS_Mycoplasma_Off_15-5xxx_en_DE_Ver.05.pdf,11,success,4.0000,false,4.60
2026-03-29T11:22:15.301251+00:00,hhoSZLNhIWddJg8ReicvAw,convert,marker,pdf_8001267fad6974f8_SDS_Mycoplasma_Off_15-5xxx_en_DE_Ver.05.pdf,11,success,4.0000,false,4.70
2026-03-29T02:04:21.352895+00:00,_agppDu9i0FuEFEaTnyFtg,convert,marker,SDS_Mycoplasma_Off_15-5xxx_en_DE_Ver.05.pdf,11,success,4.0000,false,4.90
2026-03-28T22:37:34.723471+00:00,hDjVxDFE6ov7_HF95DxFeA,convert,marker,SDS_Mycoplasma_Off_15-5xxx_en_DE_Ver.05.pdf,11,success,4.0000,false,4.70
